Id,indegree,outdegree,modularity_class,eigencentrality,Eccentricity,closnesscentrality,harmonicclosnesscentrality,betweenesscentrality,pageranks
3kowel,0,3,1,0,1,1,1,0,0.000291
syahirularif,1,0,1,0.000674,0,0,0,0,0.000373
ganjarpranowo,1458,0,0,1,0,0,0,0,0.175455
wagimandeep212_,24,0,1,0.016319,0,0,0,0,0.002971
tjahjowidianto2,0,3,3,0,1,1,1,0,0.000291
aniesbaswedan,265,0,3,0.181535,0,0,0,0,0.020963
kingsbewok,193,0,3,0.130113,0,0,0,0,0.015946
onidswahyudin,0,2,2,0,1,1,1,0,0.000291
pdi_perjuangan,828,0,2,0.56437,0,0,0,0,0.090634
fed4123fdf5d44a,0,3,3,0,1,1,1,0,0.000291
si73edy,0,2,2,0,1,1,1,0,0.000291
gustjahsaja,0,3,31,0,1,1,1,0,0.000291
firlibahuri,36,0,31,0.02427,0,0,0,0,0.003151
kpk_ri,37,0,31,0.024944,0,0,0,0,0.003192
yosnggarang,36,0,31,0.02427,0,0,0,0,0.003151
azkanih7,0,3,63,0,1,1,1,0,0.000291
ganjaranapp,24,0,63,0.01618,0,0,0,0,0.002518
ridwankamil,19,0,63,0.012809,0,0,0,0,0.001803
azkafalah,0,1,0,0,1,1,1,0,0.000291
a_subaidi84,0,3,3,0,1,1,1,0,0.000291
crennatanada1,0,2,2,0,1,1,1,0,0.000291
liechaikha_yoza,0,3,2,0,1,1,1,0,0.000291
hendrachmanaa,1,0,2,0.000674,0,0,0,0,0.000373
shtclaudine,0,2,2,0,1,1,1,0,0.000291
cantikbgtamin,0,3,2,0,1,1,1,0,0.000291
_akhir_zaman_,31,0,2,0.020899,0,0,0,0,0.002623
agensosishandil,0,3,2,0,1,1,1,0,0.000291
muhalim77,18,0,2,0.012135,0,0,0,0,0.001419
rizkyy6969,0,3,63,0,1,1,1,0,0.000291
bukankaummuna,0,1,3,0,1,1,1,0,0.000291
heritanjung13,89,0,3,0.060528,0,0,0,0,0.01233
fmkbr1,0,2,2,0,1,1,1,0,0.000291
cumaiiseng,0,4,37,0,5,0.302521,0.382407,0,0.000291
herrysuryya,21,7,37,0.016075,4,0.4,0.504902,346.5,0.001389
deydeychristina,3,0,37,0.002022,0,0,0,0,0.000476
zyreg2,0,3,2,0,1,1,1,0,0.000291
buk4n_pej4b4t,0,3,3,0,1,1,1,0,0.000291
cakdar06797616,0,3,3,0,1,1,1,0,0.000291
aidaerza,0,3,63,0,1,1,1,0,0.000291
yudhis__88,0,4,3,0,1,1,1,0,0.000291
fanta_junaidi,1,0,3,0.000674,0,0,0,0,0.000353
shareandlock1,0,3,4,0,1,1,1,0,0.000291
aleurbbygurl,1,0,4,0.000674,0,0,0,0,0.000373
ronievillie,0,2,2,0,1,1,1,0,0.000291
mahes190919,0,5,0,0,2,0.857143,0.916667,0,0.000291
milaajmilaaj1,1,0,0,0.000674,0,0,0,0,0.00034
kadrunbinpekok,8,1,0,0.005393,1,1,1,8,0.000677
heryidris5,8,0,0,0.005393,0,0,0,0,0.000677
sandrarahman12,0,3,63,0,1,1,1,0,0.000291
berryajaaa70,0,2,2,0,1,1,1,0,0.000291
buruh_kecil,0,2,0,0,1,1,1,0,0.000291
eddibrokoli,2,1,0,0.001348,1,1,1,0,0.000538
muazak3,0,2,2,0,1,1,1,0,0.000291
danudimulyo,0,4,5,0,1,1,1,0,0.000291
achzam_prabu,2,0,5,0.001348,0,0,0,0,0.000415
ringo15pansa,2,0,5,0.001348,0,0,0,0,0.000415
suryadihyoiiiii,0,3,3,0,1,1,1,0,0.000291
ntar_yaa,0,2,2,0,1,1,1,0,0.000291
semar17134178,0,4,5,0,1,1,1,0,0.000291
raihanterus,0,3,63,0,1,1,1,0,0.000291
sutannadenggan,0,3,3,0,1,1,1,0,0.000291
mhmmdrifqiakbar,0,2,2,0,1,1,1,0,0.000291
kharisma_dwi_l,0,3,2,0,2,0.588235,0.65,0,0.000291
marsudi__,11,9,2,0.008193,1,1,1,197,0.001366
alba89msmugi,0,1,0,0,1,1,1,0,0.000291
rizavaldi,0,3,63,0,1,1,1,0,0.000291
ristan80,0,3,3,0,1,1,1,0,0.000291
mangkukna4,1,3,0,0.000721,1,1,1,0,0.000406
mankjj1,1,3,0,0.000721,1,1,1,0,0.000406
prabukerta,0,2,2,0,1,1,1,0,0.000291
artar76699729,0,4,0,0,2,0.833333,0.9,0,0.000291
azizalhanafi,0,1,0,0,1,1,1,0,0.000291
moel_79,0,2,2,0,1,1,1,0,0.000291
namitamaki8,0,2,2,0,1,1,1,0,0.000291
gday_adi,0,2,2,0,1,1,1,0,0.000291
yhnwa,0,1,0,0,1,1,1,0,0.000291
suciptoditoyah2,0,2,12,0,2,0.75,0.833333,0,0.000291
lembayung071,22,2,12,0.014972,1,1,1,49,0.003168
kobou17,0,2,2,0,1,1,1,0,0.000291
sahabat06040072,0,2,0,0,1,1,1,0,0.000291
flowerbean83,0,3,63,0,1,1,1,0,0.000291
xchsn_,0,2,0,0,1,1,1,0,0.000291
glondong_j,0,3,6,0,1,1,1,0,0.000291
joechristy27,3,0,6,0.002022,0,0,0,0,0.000518
nadnidnud13,0,2,63,0,1,1,1,0,0.000291
masaji52009083,0,1,0,0,1,1,1,0,0.000291
met_rahmeet,0,2,0,0,1,1,1,0,0.000291
putradann_,0,3,63,0,1,1,1,0,0.000291
rochmadsulisti1,0,3,3,0,1,1,1,0,0.000291
afaiz46,0,2,0,0,1,1,1,0,0.000291
khamim58660928,0,3,3,0,1,1,1,0,0.000291
enisacantik,0,3,63,0,1,1,1,0,0.000291
avi_koty,0,2,0,0,1,1,1,0,0.000291
deadbutterfli3s,0,2,0,0,1,1,1,0,0.000291
sambo_kaisar,0,8,0,0,5,0.325203,0.444167,0,0.000291
hukumdan,1,0,0,0.000674,0,0,0,0,0.000322
herigatot5,2,0,0,0.001348,0,0,0,0,0.000342
daniswara02,3,0,2,0.002022,0,0,0,0,0.000445
usmaa39634688,0,2,2,0,1,1,1,0,0.000291
m3120n3,0,1,7,0,1,1,1,0,0.000291
radityass,1,0,7,0.000674,0,0,0,0,0.000538
joncyjonacta,0,2,0,0,1,1,1,0,0.000291
wongkedu__,3,0,0,0.002068,0,0,0,0,0.000573
sukarnama,0,3,3,0,1,1,1,0,0.000291
alamstwn,0,2,2,0,1,1,1,0,0.000291
wawasakti,0,3,0,0,1,1,1,0,0.000291
wantahgdn__,4,0,0,0.002791,0,0,0,0,0.000572
mengbuahi,0,2,2,0,1,1,1,0,0.000291
kesittt,0,1,0,0,1,1,1,0,0.000291
ajoarisikumbang,0,4,2,0,1,1,1,0,0.000291
getih_gen1,1,0,2,0.000674,0,0,0,0,0.000353
jetsilvers,1,0,2,0.000674,0,0,0,0,0.000353
labibkhadaffi,0,3,3,0,1,1,1,0,0.000291
thariqsahfyaz,0,2,2,0,1,1,1,0,0.000291
mrsamron23,0,2,1,0,1,1,1,0,0.000291
yanna_disiac,0,2,2,0,1,1,1,0,0.000291
albertorobet,0,3,63,0,1,1,1,0,0.000291
azizbuitenzorg,0,4,3,0,1,1,1,0,0.000291
mamang_opik,3,0,3,0.002022,0,0,0,0,0.000476
fajrarmy_,0,2,0,0,1,1,1,0,0.000291
wulandahokimoto,0,2,2,0,1,1,1,0,0.000291
mfalfath,0,4,2,0,1,1,1,0,0.000291
jhsinurat,19,0,2,0.013306,0,0,0,0,0.001504
turisno24846445,24,0,2,0.016467,0,0,0,0,0.001825
acungdarsono,0,1,0,0,1,1,1,0,0.000291
ariefalmaulana,0,3,3,0,1,1,1,0,0.000291
perwira_setyo,0,2,2,0,1,1,1,0,0.000291
aryaasangkan,0,2,2,0,1,1,1,0,0.000291
trijuniarto87,0,5,8,0,1,1,1,0,0.000291
nanakrisdian,1,0,8,0.000674,0,0,0,0,0.00034
puanmaharani_ri,21,0,8,0.014312,0,0,0,0,0.001708
irvanbadru,2,0,8,0.001348,0,0,0,0,0.000363
arkamchaniago,0,3,3,0,1,1,1,0,0.000291
nuhazr27,0,2,0,0,1,1,1,0,0.000291
alijalal666,0,3,3,0,1,1,1,0,0.000291
sol39446915,0,2,0,0,1,1,1,0,0.000291
jayanegara_5555,0,1,3,0,1,1,1,0,0.000291
rudi44773351,0,2,0,0,1,1,1,0,0.000291
aaabengganteng,0,3,3,0,1,1,1,0,0.000291
azir08845903,0,1,0,0,1,1,1,0,0.000291
faldiagnia2,0,3,31,0,1,1,1,0,0.000291
rinijus14,0,2,0,0,1,1,1,0,0.000291
essmil00,0,2,0,0,1,1,1,0,0.000291
arieftata01,0,3,3,0,1,1,1,0,0.000291
dongodungu,0,1,3,0,1,1,1,0,0.000291
bagaspati168,0,1,0,0,1,1,1,0,0.000291
ade_item88,0,3,3,0,1,1,1,0,0.000291
rframadhani5,0,2,0,0,1,1,1,0,0.000291
alfiani24765776,0,1,0,0,1,1,1,0,0.000291
batukepla,0,1,9,0,1,1,1,0,0.000291
musniumar,1,0,9,0.000674,0,0,0,0,0.000538
applesite1969,0,2,0,0,1,1,1,0,0.000291
feryy12343,0,2,12,0,2,0.75,0.833333,0,0.000291
yganggur,0,2,10,0,1,1,1,0,0.000291
chusnulch__,82,0,10,0.057155,0,0,0,0,0.008357
bagindo47562689,0,5,31,0,1,1,1,0,0.000291
uki23,5,0,31,0.003371,0,0,0,0,0.000508
ferrykoto,5,0,31,0.003371,0,0,0,0,0.000508
mayonghill,0,2,0,0,1,1,1,0,0.000291
laxusralenion,0,1,0,0,1,1,1,0,0.000291
hendral48409398,0,3,3,0,1,1,1,0,0.000291
hendridaok2000,0,3,2,0,1,1,1,0,0.000291
nurhardiwibowo1,14,0,2,0.00989,0,0,0,0,0.001244
h3r2yp,0,3,10,0,1,1,1,0,0.000291
priadisamudra78,3,2,10,0.002022,1,1,1,0,0.000505
imammursalin01,0,3,31,0,1,1,1,0,0.000291
mikaharyadi,0,2,0,0,1,1,1,0,0.000291
papaemier77,0,3,3,0,1,1,1,0,0.000291
herryherlamba12,0,2,2,0,1,1,1,0,0.000291
andika052348655,0,3,37,0,5,0.29661,0.364762,0,0.000291
agoeci,1,3,1,0.000674,1,1,1,1,0.000373
muhamma87797214,1,0,1,0.00072,0,0,0,0,0.000397
nendysuryanaga1,0,2,2,0,1,1,1,0,0.000291
caffein_cat,0,4,2,0,1,1,1,0,0.000291
rajiabunisa,1,0,2,0.000674,0,0,0,0,0.000353
mjsoekarno,0,2,2,0,1,1,1,0,0.000291
pindankecil,0,2,0,0,1,1,1,0,0.000291
agungtg,0,2,10,0,1,1,1,0,0.000291
neilzurong,0,1,3,0,1,1,1,0,0.000291
santoso55903726,0,3,31,0,1,1,1,0,0.000291
wienarko31,0,2,2,0,1,1,1,0,0.000291
bambangharmoko8,0,2,0,0,1,1,1,0,0.000291
metabp,0,2,2,0,1,1,1,0,0.000291
soponyo03542076,0,2,0,0,1,1,1,0,0.000291
solderantik,0,1,0,0,1,1,1,0,0.000291
_faldi_,0,6,2,0,1,1,1,0,0.000291
jokowi,14,0,2,0.010759,0,0,0,0,0.001238
daruastika1,5,0,2,0.003478,0,0,0,0,0.000463
soonbrid19,5,0,2,0.003478,0,0,0,0,0.000463
kadangbadjingan,0,2,0,0,1,1,1,0,0.000291
farm_1975,0,2,1,0,1,1,1,0,0.000291
vyvyong,0,2,0,0,1,1,1,0,0.000291
pandacimory,0,2,0,0,1,1,1,0,0.000291
adens49195515,0,3,11,0,1,1,1,0,0.000291
ary11210,1,0,11,0.000674,0,0,0,0,0.000373
christi28566166,0,2,0,0,1,1,1,0,0.000291
bobby_risakotta,5,0,0,0.003371,0,0,0,0,0.000761
djapoel,0,2,0,0,1,1,1,0,0.000291
balahanca,0,3,3,0,1,1,1,0,0.000291
mikhsaan2,0,2,0,0,1,1,1,0,0.000291
abah_bangsa,0,3,3,0,1,1,1,0,0.000291
hambawi4,0,2,0,0,1,1,1,0,0.000291
yhanuardhimas,0,2,0,0,1,1,1,0,0.000291
abuhanif87,0,3,31,0,1,1,1,0,0.000291
abi_raykhanzaya,0,3,8,0,1,1,1,0,0.000291
ahmadtito21,0,3,31,0,1,1,1,0,0.000291
x_sunizers,0,3,31,0,1,1,1,0,0.000291
zy_couplax,0,2,0,0,1,1,1,0,0.000291
syafarsik68,0,3,12,0,2,0.8,0.875,0,0.000291
bapakeangger,1,0,12,0.000674,0,0,0,0,0.000373
indonesia76th,0,2,0,0,1,1,1,0,0.000291
agustinusmvac,0,2,18,0,2,0.583333,0.642857,0,0.000291
g,11,0,18,0.007651,0,0,0,0,0.001211
pagiperindu,12,6,0,0.008749,1,1,1,47.166667,0.00147
osoigaoi,0,2,2,0,1,1,1,0,0.000291
panglima_nayan,0,2,2,0,1,1,1,0,0.000291
deliveria2,0,3,3,0,1,1,1,0,0.000291
moonrabbit___19,0,3,2,0,1,1,1,0,0.000291
ar1255320689,0,2,2,0,1,1,1,0,0.000291
toriq_lfc,0,2,2,0,1,1,1,0,0.000291
rachelcdimuhau,0,3,2,0,1,1,1,0,0.000291
abuhakimjasmine,0,3,2,0,1,1,1,0,0.000291
mangku_doyo,0,2,2,0,1,1,1,0,0.000291
dhanndhani,0,2,0,0,1,1,1,0,0.000291
potassium73,0,3,31,0,1,1,1,0,0.000291
9l4ndd4l80,0,3,31,0,1,1,1,0,0.000291
m_yasal,0,2,2,0,1,1,1,0,0.000291
wakndhuz,0,2,2,0,1,1,1,0,0.000291
amarmaruf128,0,3,2,0,1,1,1,0,0.000291
afvirgo8055,0,2,2,0,1,1,1,0,0.000291
khoirularkan19,0,3,2,0,1,1,1,0,0.000291
em_7015,0,3,12,0,2,0.8,0.875,0,0.000291
yos5ku,1,0,12,0.000674,0,0,0,0,0.000373
andryan1453,0,2,0,0,1,1,1,0,0.000291
henryii63936538,0,1,0,0,1,1,1,0,0.000291
sekologic,0,3,1,0,2,0.8,0.875,0,0.000291
yuliojansen,0,2,2,0,1,1,1,0,0.000291
adber31,0,3,3,0,1,1,1,0,0.000291
masgibrannn,0,1,0,0,1,1,1,0,0.000291
faizin_merah,0,2,0,0,1,1,1,0,0.000291
madaaaoooo,0,2,2,0,1,1,1,0,0.000291
aryademba,0,3,2,0,1,1,1,0,0.000291
dafidirawan_,0,2,0,0,1,1,1,0,0.000291
arikrniawan,0,2,1,0,1,1,1,0,0.000291
toniajah123,0,1,0,0,1,1,1,0,0.000291
rusamq,0,1,3,0,1,1,1,0,0.000291
sutan_marajo123,0,5,0,0,5,0.308333,0.399099,0,0.000291
aan02alcatras,9,0,2,0.006067,0,0,0,0,0.000827
samberjiwo1,0,5,0,0,2,0.857143,0.916667,0,0.000291
adriskfuad,0,1,0,0,1,1,1,0,0.000291
damarlumintang,0,3,3,0,1,1,1,0,0.000291
parthasaderi,0,2,0,0,1,1,1,0,0.000291
maswarso1,0,1,0,0,1,1,1,0,0.000291
koyaltg,0,2,2,0,1,1,1,0,0.000291
madechans,0,2,10,0,1,1,1,0,0.000291
rahmatmonoarfa9,0,2,2,0,1,1,1,0,0.000291
ridwandasitisar,0,4,0,0,1,1,1,0,0.000291
alvifadhollah,0,2,2,0,1,1,1,0,0.000291
sutrisnoyohanes,0,2,2,0,1,1,1,0,0.000291
yeah_anwar,0,4,45,0,1,1,1,0,0.000291
tajyasinmz,3,0,45,0.002022,0,0,0,0,0.000538
sgn_temanggung,2,0,45,0.001348,0,0,0,0,0.000415
taj,2,0,45,0.001348,0,0,0,0,0.000415
febrikrs,0,2,2,0,1,1,1,0,0.000291
anggitahusain2,0,3,3,0,1,1,1,0,0.000291
bayu09028150,0,2,0,0,1,1,1,0,0.000291
soncukkk,0,2,2,0,1,1,1,0,0.000291
hilmanzeal22,0,2,2,0,1,1,1,0,0.000291
buditurmudzi,0,3,31,0,1,1,1,0,0.000291
aldamar83697681,0,2,2,0,1,1,1,0,0.000291
padangsariku,0,3,13,0,1,1,1,0,0.000291
mudjib_trisatya,1,0,13,0.000674,0,0,0,0,0.000373
ayusaraluv,0,1,0,0,1,1,1,0,0.000291
masboed02,0,2,2,0,1,1,1,0,0.000291
rezaldykhurana,0,3,3,0,1,1,1,0,0.000291
uwaydugan,0,3,3,0,1,1,1,0,0.000291
sonobroto,0,2,2,0,1,1,1,0,0.000291
bravo_munte,0,2,2,0,1,1,1,0,0.000291
supriadimit,0,3,3,0,1,1,1,0,0.000291
triiws17,0,2,2,0,1,1,1,0,0.000291
anti_jel,0,3,3,0,1,1,1,0,0.000291
dikiagwn,0,2,2,0,1,1,1,0,0.000291
aguhasa,0,1,0,0,1,1,1,0,0.000291
_bayuakbar,0,3,14,0,1,1,1,0,0.000291
fms_ranggaa,1,0,14,0.000674,0,0,0,0,0.000373
zack82190770,0,2,2,0,1,1,1,0,0.000291
budi72santo,0,3,15,0,1,1,1,0,0.000291
kayanaduris,1,0,15,0.000674,0,0,0,0,0.000373
halahmboyak,0,2,2,0,1,1,1,0,0.000291
djumadipartose1,0,3,3,0,1,1,1,0,0.000291
iskanda43028301,0,3,3,0,1,1,1,0,0.000291
eedo_realman,0,2,0,0,1,1,1,0,0.000291
gagahgumirah,0,2,2,0,1,1,1,0,0.000291
rrrszkiii,0,1,0,0,1,1,1,0,0.000291
alextom71,0,3,10,0,1,1,1,0,0.000291
rezam_alfan,0,2,0,0,3,0.571429,0.708333,0,0.000291
__rismawidiono_,33,2,0,0.023802,2,0.75,0.833333,101,0.003776
disiapindong,0,3,3,0,1,1,1,0,0.000291
sarino66118459,0,3,8,0,1,1,1,0,0.000291
putri_aalona,1,0,8,0.000674,0,0,0,0,0.000373
drew_bbs,0,2,2,0,1,1,1,0,0.000291
alhasnimuhammad,0,2,0,0,1,1,1,0,0.000291
paparocknroll82,0,2,0,0,3,0.571429,0.708333,0,0.000291
leopenoe,0,2,2,0,1,1,1,0,0.000291
tegarrm11,0,2,0,0,1,1,1,0,0.000291
afwantwit,0,1,0,0,1,1,1,0,0.000291
disneyfrozzeen,0,2,10,0,1,1,1,0,0.000291
tukangkomen2_,0,2,2,0,1,1,1,0,0.000291
daviidkurniawan,0,2,2,0,1,1,1,0,0.000291
amstrongbiring,0,1,0,0,1,1,1,0,0.000291
julianiazmee,0,3,2,0,1,1,1,0,0.000291
fariedza,0,3,1,0,1,1,1,0,0.000291
0phium,1,0,1,0.000674,0,0,0,0,0.000373
fredomman123,0,2,2,0,1,1,1,0,0.000291
arti_sebuahrasa,0,2,0,0,1,1,1,0,0.000291
ruth1__,0,2,63,0,1,1,1,0,0.000291
samsulb40686073,0,2,10,0,1,1,1,0,0.000291
namicat12,0,2,63,0,1,1,1,0,0.000291
achsantaufiq3,0,2,2,0,1,1,1,0,0.000291
mila12___,0,2,63,0,1,1,1,0,0.000291
tameka1_,0,2,63,0,1,1,1,0,0.000291
andria1_,0,2,63,0,1,1,1,0,0.000291
porsha1_,0,3,63,0,1,1,1,0,0.000291
irina1__,0,3,63,0,1,1,1,0,0.000291
denbagus123789,0,3,0,0,1,1,1,0,0.000291
affan79992133,1,0,0,0.000674,0,0,0,0,0.000373
betty11__,0,3,63,0,1,1,1,0,0.000291
callie1__,0,3,63,0,1,1,1,0,0.000291
mahendradipra,0,2,2,0,1,1,1,0,0.000291
elda1__,0,3,63,0,1,1,1,0,0.000291
per3anbelokkiri,0,2,2,0,1,1,1,0,0.000291
mrclark211,0,2,12,0,2,0.75,0.833333,0,0.000291
obiajulu_antie,0,3,3,0,1,1,1,0,0.000291
daniel_supit,0,2,0,0,1,1,1,0,0.000291
eradigitalbiz,0,3,31,0,1,1,1,0,0.000291
sukirmanfaisal,0,2,2,0,1,1,1,0,0.000291
dierymulut,0,2,0,0,1,1,1,0,0.000291
kumenangis212,0,3,2,0,1,1,1,0,0.000291
gyoucancallme,15,0,21,0.010265,0,0,0,0,0.001229
toni7216,0,2,0,0,1,1,1,0,0.000291
irulgonjor01,0,2,0,0,3,0.571429,0.708333,0,0.000291
quinlan86861876,0,3,2,0,1,1,1,0,0.000291
masiv35694013,0,3,0,0,3,0.625,0.766667,0,0.000291
viantantony,0,3,3,0,1,1,1,0,0.000291
slyingd,0,2,2,0,1,1,1,0,0.000291
prijujur1,0,3,3,0,1,1,1,0,0.000291
jonkardison2,0,3,3,0,1,1,1,0,0.000291
yossybam,0,2,0,0,1,1,1,0,0.000291
fantasyus25,0,2,2,0,1,1,1,0,0.000291
jackinvation,0,2,0,0,1,1,1,0,0.000291
maenggok,0,4,2,0,1,1,1,0,0.000291
firman2941,3,0,2,0.002022,0,0,0,0,0.00045
eko_fardian97,0,2,0,0,1,1,1,0,0.000291
zeemangat,0,3,16,0,1,1,1,0,0.000291
damniel23,7,0,16,0.004719,0,0,0,0,0.000848
oneone13440010,0,2,0,0,1,1,1,0,0.000291
ssssss23333,0,2,0,0,1,1,1,0,0.000291
iwanmridwan14,0,2,2,0,1,1,1,0,0.000291
rockin82__,0,4,3,0,1,1,1,0,0.000291
prah76142776,0,2,10,0,1,1,1,0,0.000291
copypas23120756,0,3,3,0,1,1,1,0,0.000291
hidupuntuklarry,0,3,2,0,1,1,1,0,0.000291
ambo_dale89,0,2,0,0,1,1,1,0,0.000291
mrjo_siburian02,0,2,2,0,1,1,1,0,0.000291
whoru90408865,0,12,0,0,4,0.423913,0.555556,0,0.000291
enno_setyono,1,0,0,0.000674,0,0,0,0,0.000311
basttomi,1,0,0,0.000674,0,0,0,0,0.000311
arwaniabib,3,0,37,0.002367,0,0,0,0,0.000389
enkaeriharmat,10,8,37,0.008933,3,0.5,0.578431,369.5,0.000857
aprillia_man,6,0,37,0.005045,0,0,0,0,0.000592
hmsk1263,2,3,0,0.001456,1,1,1,46,0.000337
gus_raharjo,6,0,18,0.004136,0,0,0,0,0.000566
marufsirojudin1,3,0,18,0.002113,0,0,0,0,0.000479
donny_dodot,0,2,2,0,1,1,1,0,0.000291
caturyu28266504,0,2,2,0,1,1,1,0,0.000291
wisanggenixm,0,2,2,0,1,1,1,0,0.000291
yudha_sindu,0,3,31,0,1,1,1,0,0.000291
gusbs,0,2,8,0,1,1,1,0,0.000291
rudiyantotop,0,2,2,0,1,1,1,0,0.000291
boeditomo19,0,3,3,0,1,1,1,0,0.000291
darwinsiringor4,0,2,12,0,2,0.75,0.833333,0,0.000291
wd18111,0,3,0,0,1,1,1,0,0.000291
marquez__93,7,0,0,0.004719,0,0,0,0,0.000716
bonusdemografi,1,2,17,0.000721,1,1,1,0,0.000291
j,1,0,17,0.000721,0,0,0,0,0.000415
jlezz2,0,8,18,0,4,0.438356,0.544271,0,0.000291
seruanhl,2,2,18,0.001348,1,1,1,2,0.000353
denni_sauya,2,0,18,0.001348,0,0,0,0,0.000353
dennysiregar7,3,0,18,0.002022,0,0,0,0,0.000388
aryprasetyo85,25,7,18,0.0193,4,0.42623,0.525641,490,0.00272
03__nakula,10,9,18,0.008892,3,0.541667,0.628205,442,0.001072
phegat1,0,2,0,0,1,1,1,0,0.000291
masyarr,0,1,0,0,1,1,1,0,0.000291
gerilyawanahm,0,3,3,0,1,1,1,0,0.000291
wan_dulz,0,2,2,0,1,1,1,0,0.000291
gwndunnnnn,0,1,0,0,1,1,1,0,0.000291
mukh_rizqi,0,1,0,0,1,1,1,0,0.000291
ayylafyuu,0,2,2,0,1,1,1,0,0.000291
fish_god76,0,2,2,0,1,1,1,0,0.000291
aguskode,0,2,2,0,1,1,1,0,0.000291
ririn_rinjani88,0,4,21,0,1,1,1,0,0.000291
wahyudi98017151,1,0,21,0.000674,0,0,0,0,0.000353
eddoludwig1,0,2,10,0,1,1,1,0,0.000291
asdin28812169,0,5,0,0,1,1,1,0,0.000291
riszo3,0,3,2,0,1,1,1,0,0.000291
joygood44040076,0,2,2,0,1,1,1,0,0.000291
aryosama1,0,3,2,0,1,1,1,0,0.000291
1rw4nsy4h88,0,2,2,0,1,1,1,0,0.000291
pradiptahh,0,2,2,0,1,1,1,0,0.000291
roy_satri,0,2,2,0,1,1,1,0,0.000291
capingnggunung,0,2,12,0,2,0.75,0.833333,0,0.000291
musarahmusar1,0,2,2,0,1,1,1,0,0.000291
pramudiawg,0,2,2,0,1,1,1,0,0.000291
aibnu4747,0,2,2,0,1,1,1,0,0.000291
faiza_abdullah7,0,2,10,0,1,1,1,0,0.000291
tarek44344,0,4,19,0,1,1,1,0,0.000291
reflextoken,1,0,19,0.000674,0,0,0,0,0.000353
hanazawa_nft,1,0,19,0.000674,0,0,0,0,0.000353
clonexalpha,1,0,19,0.000674,0,0,0,0,0.000353
ali_hasan110,1,2,2,0.000674,1,1,1,0,0.000373
sunflowe_35,0,3,2,0,1,1,1,0,0.000291
ceriasinom1,0,1,0,0,1,1,1,0,0.000291
topimiring72,0,2,2,0,1,1,1,0,0.000291
nurnuri1263,0,3,3,0,1,1,1,0,0.000291
albustomi17,0,2,2,0,1,1,1,0,0.000291
abdul11654604,0,3,10,0,1,1,1,0,0.000291
djuremireinke,7,2,10,0.004719,1,1,1,0,0.000868
swdevbali,0,3,2,0,1,1,1,0,0.000291
dethanvic,0,1,3,0,1,1,1,0,0.000291
meltsan203,0,3,3,0,1,1,1,0,0.000291
bapasamidi,0,2,2,0,1,1,1,0,0.000291
azharfakhri23,0,2,0,0,1,1,1,0,0.000291
ochi_queen09_1,2,0,0,0.001348,0,0,0,0,0.000538
fraudfornothing,0,2,2,0,1,1,1,0,0.000291
rizkihilmansya1,0,1,0,0,1,1,1,0,0.000291
haris_susilo,0,2,2,0,1,1,1,0,0.000291
hairulislan,0,3,3,0,1,1,1,0,0.000291
528ebc0d06004af,0,3,3,0,1,1,1,0,0.000291
sword_way,0,3,2,0,1,1,1,0,0.000291
abah_saka,0,1,3,0,1,1,1,0,0.000291
acatsakti,0,2,18,0,2,0.583333,0.642857,0,0.000291
ayang_hyang,0,3,10,0,1,1,1,0,0.000291
triefince,0,3,0,0,2,0.8,0.875,0,0.000291
asep71254288,0,2,10,0,1,1,1,0,0.000291
jawaperantauan,0,1,0,0,1,1,1,0,0.000291
bejosugianto212,0,2,2,0,1,1,1,0,0.000291
dhesatya,0,2,2,0,1,1,1,0,0.000291
sksoniangka21,0,3,3,0,1,1,1,0,0.000291
ekadewi16033897,0,3,3,0,1,1,1,0,0.000291
rakyat_k0n0ha,0,2,2,0,1,1,1,0,0.000291
ioneinoe,0,1,0,0,1,1,1,0,0.000291
pigeon_hall,0,2,10,0,1,1,1,0,0.000291
abumfs,0,3,3,0,1,1,1,0,0.000291
muheho,0,3,8,0,1,1,1,0,0.000291
rizalsa19562574,0,2,10,0,1,1,1,0,0.000291
djokokris,0,3,3,0,1,1,1,0,0.000291
loronggoronggm1,0,2,2,0,1,1,1,0,0.000291
muchllas_g89,0,2,0,0,1,1,1,0,0.000291
wedangan4,0,3,3,0,1,1,1,0,0.000291
aslilanang2,0,5,20,0,1,1,1,0,0.000291
psi_id,1,0,20,0.000674,0,0,0,0,0.00034
jung16906539,1,0,20,0.000674,0,0,0,0,0.00034
abahpurwa1,0,3,10,0,1,1,1,0,0.000291
nomerempat_,0,2,2,0,1,1,1,0,0.000291
ateens71,0,3,3,0,1,1,1,0,0.000291
mutajir_mohamat,0,2,2,0,1,1,1,0,0.000291
dinihari31,0,3,2,0,1,1,1,0,0.000291
mvzt3,0,2,2,0,1,1,1,0,0.000291
8e9aca18c8de48f,0,4,3,0,1,1,1,0,0.000291
zenold_antijoko,1,0,3,0.000674,0,0,0,0,0.000353
hendriz67102017,0,3,3,0,1,1,1,0,0.000291
notsu13764342,0,2,2,0,1,1,1,0,0.000291
buce37661482,0,2,0,0,1,1,1,0,0.000291
ziggy_re,0,2,2,0,1,1,1,0,0.000291
dr_angek,0,3,0,0,1,1,1,0,0.000291
malangberduka,0,2,10,0,1,1,1,0,0.000291
srhmsrhm,0,1,0,0,1,1,1,0,0.000291
ansyarinasrull2,0,2,2,0,1,1,1,0,0.000291
biroe_langite,0,3,0,0,1,1,1,0,0.000291
rajopatokah,5,0,0,0.003371,0,0,0,0,0.000594
lanassutanto,1,2,12,0.001677,1,1,1,0,0.001636
alhabib_ra,0,7,21,0,1,1,1,0,0.000291
gendonwfst,1,0,21,0.000674,0,0,0,0,0.000326
syahrulfaisaal,1,0,21,0.000674,0,0,0,0,0.000326
djeng_hiz,6,0,21,0.00409,0,0,0,0,0.000597
allpay_asin,3,0,21,0.002068,0,0,0,0,0.000424
fudyasin,0,1,0,0,1,1,1,0,0.000291
chingchay10,0,3,3,0,1,1,1,0,0.000291
shntapus,0,2,2,0,1,1,1,0,0.000291
rahman49231110,0,3,2,0,1,1,1,0,0.000291
dsangg377,0,2,1,0,1,1,1,0,0.000291
anselmdurmann,0,2,2,0,1,1,1,0,0.000291
anggalihma1994,0,3,3,0,1,1,1,0,0.000291
sgrdamai,0,4,12,0,2,0.75,0.833333,0,0.000291
babegalak1,1,0,12,0.000674,0,0,0,0,0.000353
aku_moharwani,1,2,12,0.000674,1,1,1,1,0.000353
jundisone,0,3,3,0,1,1,1,0,0.000291
kowelanang,0,3,3,0,1,1,1,0,0.000291
jogjadrivers,0,1,0,0,1,1,1,0,0.000291
sultanruby11,0,2,2,0,1,1,1,0,0.000291
jajang140275,0,2,0,0,2,0.6,0.666667,0,0.000291
donad4656,0,2,2,0,1,1,1,0,0.000291
grizky11,0,3,2,0,1,1,1,0,0.000291
melati_nk1,4,0,2,0.002697,0,0,0,0,0.0006
rajief_jr,0,2,2,0,1,1,1,0,0.000291
l4w4k4nd4,0,2,2,0,1,1,1,0,0.000291
agussup39011241,0,2,0,0,1,1,1,0,0.000291
419tajul,0,4,6,0,1,1,1,0,0.000291
irman97757991,0,3,3,0,1,1,1,0,0.000291
safarudinhiday1,0,2,2,0,1,1,1,0,0.000291
mulyanasmi291,0,4,3,0,1,1,1,0,0.000291
msaid_didu,2,0,3,0.001348,0,0,0,0,0.000415
ruddykioji1,0,3,3,0,1,1,1,0,0.000291
adimitral,0,2,2,0,1,1,1,0,0.000291
hendros77602979,0,2,0,0,1,1,1,0,0.000291
edharis3,0,8,24,0,1,1,1,0,0.000291
ganjar,1,0,24,0.000674,0,0,0,0,0.000322
eyangkakung2021,1,0,24,0.000674,0,0,0,0,0.000322
asrornews,1,0,24,0.000674,0,0,0,0,0.000322
bambang_budimab,1,0,24,0.000674,0,0,0,0,0.000322
anies,2,0,24,0.001348,0,0,0,0,0.000357
ali60918886,0,2,2,0,1,1,1,0,0.000291
arekarusbawah,0,2,0,0,1,1,1,0,0.000291
rokhanayati1,0,3,3,0,1,1,1,0,0.000291
kadiran_temen,0,2,1,0,1,1,1,0,0.000291
sirlambankk,0,2,2,0,1,1,1,0,0.000291
bersamagulita,0,2,0,0,1,1,1,0,0.000291
arionalst,0,3,3,0,1,1,1,0,0.000291
kocokreok,0,3,3,0,1,1,1,0,0.000291
partburunggalak,0,2,1,0,1,1,1,0,0.000291
shazwinkhalid,0,3,3,0,1,1,1,0,0.000291
salim81_agus,0,3,3,0,1,1,1,0,0.000291
budiman_markus,0,2,2,0,1,1,1,0,0.000291
larvalarva18,0,3,2,0,1,1,1,0,0.000291
fenlam,0,2,0,0,1,1,1,0,0.000291
reymondjr10,0,2,2,0,1,1,1,0,0.000291
faj82020,0,3,3,0,1,1,1,0,0.000291
mbak_enji,0,3,2,0,1,1,1,0,0.000291
dedichrisdianto,0,2,0,0,1,1,1,0,0.000291
awibowo__,0,2,2,0,1,1,1,0,0.000291
wawan_r,0,3,3,0,1,1,1,0,0.000291
cintank53802386,0,2,22,0,1,1,1,0,0.000291
recehtapisayng,1,0,22,0.000674,0,0,0,0,0.000415
ardian_thiwul,0,2,0,0,1,1,1,0,0.000291
naniindayanti,0,2,2,0,1,1,1,0,0.000291
papae_iceng,0,2,0,0,1,1,1,0,0.000291
hendrajohno78,0,2,2,0,1,1,1,0,0.000291
altalarik_d,0,2,0,0,1,1,1,0,0.000291
iswadi84880068,0,3,6,0,1,1,1,0,0.000291
kii_fiki,0,2,2,0,1,1,1,0,0.000291
buditangar1,0,3,3,0,1,1,1,0,0.000291
danielpurbo1,0,2,0,0,1,1,1,0,0.000291
mams2176,0,3,3,0,1,1,1,0,0.000291
kal52265555,0,2,2,0,1,1,1,0,0.000291
blackredganz,0,2,0,0,1,1,1,0,0.000291
putiebahara,2,0,0,0.001348,0,0,0,0,0.000538
taufiki70348691,0,3,2,0,1,1,1,0,0.000291
sembara2024oke,3,0,2,0.002022,0,0,0,0,0.000518
pacepolemon,0,3,23,0,1,1,1,0,0.000291
samsung76974143,1,0,23,0.000674,0,0,0,0,0.000373
gadafizainuddin,0,2,0,0,1,1,1,0,0.000291
ahmadahmadkusa1,0,3,10,0,1,1,1,0,0.000291
twittterrapekkk,0,2,2,0,1,1,1,0,0.000291
banaspaijo,0,7,24,0,1,1,1,0,0.000291
fahrihamzah,1,0,24,0.000674,0,0,0,0,0.000326
febridiansyah,1,0,24,0.000674,0,0,0,0,0.000326
ythbapakluhut,1,0,24,0.000674,0,0,0,0,0.000326
cendanao,1,0,24,0.000674,0,0,0,0,0.000326
ones_tan,0,2,0,0,1,1,1,0,0.000291
attanorman,0,3,3,0,1,1,1,0,0.000291
adhitaksara,0,2,2,0,1,1,1,0,0.000291
garis_ralucu,0,2,25,0,1,1,1,0,0.000291
mei_peseek,1,0,25,0.000674,0,0,0,0,0.000415
finnomufler,0,2,0,0,3,0.571429,0.708333,0,0.000291
tyd4ksantuy,0,3,33,0,1,1,1,0,0.000291
foxpole,2,0,33,0.001394,0,0,0,0,0.000453
rovicky60,0,3,3,0,1,1,1,0,0.000291
johnhendri2016,0,2,0,0,1,1,1,0,0.000291
rudycahyo66,0,4,0,0,3,0.666667,0.805556,0,0.000291
ahmadwais10,0,1,0,0,1,1,1,0,0.000291
jimbrottt,0,4,0,0,1,1,1,0,0.000291
rezim_404,0,2,0,0,1,1,1,0,0.000291
auri_okman,0,3,3,0,1,1,1,0,0.000291
davidsmd16,0,3,31,0,1,1,1,0,0.000291
cebi_lu_tolol,0,3,3,0,1,1,1,0,0.000291
dedynad_id,0,1,0,0,1,1,1,0,0.000291
nurulhudha5722,0,2,2,0,1,1,1,0,0.000291
linasst2,0,2,2,0,1,1,1,0,0.000291
jokongiskhan,0,2,2,0,1,1,1,0,0.000291
pkdigdaya,0,3,2,0,1,1,1,0,0.000291
basilsakti,0,1,3,0,1,1,1,0,0.000291
ainunsiregar__,0,3,2,0,1,1,1,0,0.000291
afbyta,0,1,26,0,1,1,1,0,0.000291
youtubeilc,1,0,26,0.000674,0,0,0,0,0.000538
jogjamashar,0,2,2,0,1,1,1,0,0.000291
asalatiga1,0,2,2,0,1,1,1,0,0.000291
58d7169a88a84cf,0,3,31,0,1,1,1,0,0.000291
lutfitry1,0,2,2,0,1,1,1,0,0.000291
ekapujosakti,0,2,2,0,1,1,1,0,0.000291
setiant_d,0,2,12,0,2,0.75,0.833333,0,0.000291
desmon050781,0,3,2,0,1,1,1,0,0.000291
daywa18,0,2,0,0,1,1,1,0,0.000291
kakak_asoeh,0,3,2,0,1,1,1,0,0.000291
yudiwah14377235,0,3,3,0,1,1,1,0,0.000291
avifnih,0,3,3,0,1,1,1,0,0.000291
marnes_franklin,0,2,2,0,1,1,1,0,0.000291
eva_mirae,0,3,3,0,1,1,1,0,0.000291
arijund,0,3,3,0,1,1,1,0,0.000291
patriot02646032,0,3,3,0,1,1,1,0,0.000291
pekaklonto76,0,1,3,0,1,1,1,0,0.000291
agusssan1474,0,4,0,0,2,0.833333,0.9,0,0.000291
smartcityindo,0,2,2,0,1,1,1,0,0.000291
leochan87468458,0,3,3,0,1,1,1,0,0.000291
asharywahyu,0,2,12,0,2,0.75,0.833333,0,0.000291
boedoet12489730,0,3,3,0,1,1,1,0,0.000291
adinda_ariffa,0,3,3,0,1,1,1,0,0.000291
santuym4n,0,2,2,0,1,1,1,0,0.000291
wildanizz1,0,2,0,0,1,1,1,0,0.000291
qyonk71,0,4,21,0,1,1,1,0,0.000291
elsadaiharalen,0,2,2,0,1,1,1,0,0.000291
preceeeh,0,1,0,0,1,1,1,0,0.000291
rurisonatha,0,6,2,0,1,1,1,0,0.000291
sudarsa_wayan,0,2,0,0,1,1,1,0,0.000291
cigundul87,0,2,0,0,1,1,1,0,0.000291
raja_gluduk,0,2,0,0,1,1,1,0,0.000291
m4kny1ny1r,0,2,0,0,1,1,1,0,0.000291
perangutan_,0,3,31,0,1,1,1,0,0.000291
akundijualmrh,0,4,0,0,1,1,1,0,0.000291
saripterraces,1,3,2,0.000721,1,1,1,0,0.000406
faisalfansclub,1,3,2,0.000721,1,1,1,0,0.000406
sabripergerakan,0,1,0,0,1,1,1,0,0.000291
cadoctor,0,3,3,0,1,1,1,0,0.000291
deasha7xxx,0,3,27,0,1,1,1,0,0.000291
classictealatte,1,0,27,0.000674,0,0,0,0,0.000373
_goentoer_,0,1,3,0,1,1,1,0,0.000291
gunoto7,0,4,28,0,1,1,1,0,0.000291
ex_anaklolina,1,0,28,0.000674,0,0,0,0,0.000353
simkuringporsea,1,0,28,0.000674,0,0,0,0,0.000353
anteb23197857,0,1,3,0,1,1,1,0,0.000291
erjelanggeng,0,2,0,0,1,1,1,0,0.000291
abdie_165,0,3,3,0,1,1,1,0,0.000291
d1varahardjo,0,2,0,0,1,1,1,0,0.000291
kosong_44,0,2,2,0,1,1,1,0,0.000291
yngwieocalasty1,0,2,0,0,1,1,1,0,0.000291
moteetee,0,4,3,0,1,1,1,0,0.000291
dkfauzi,0,3,3,0,1,1,1,0,0.000291
beharsubag4,0,3,29,0,1,1,1,0,0.000291
putrabahuga87,1,0,29,0.000674,0,0,0,0,0.000373
mr_jembret,0,2,2,0,1,1,1,0,0.000291
menakdobol,0,2,0,0,1,1,1,0,0.000291
jpnncom,1,1,30,0.000721,0,0,0,0,0.000291
ismail_im596,0,4,31,0,1,1,1,0,0.000291
oantimor5,0,1,0,0,1,1,1,0,0.000291
rayensatpin,0,3,3,0,1,1,1,0,0.000291
febroiii_,0,2,2,0,1,1,1,0,0.000291
taufikernayanti,0,2,2,0,1,1,1,0,0.000291
abon_kang,1,2,0,0.000674,1,1,1,0,0.00034
heri61323088,0,5,0,0,1,1,1,0,0.000291
yuliez85,0,3,10,0,1,1,1,0,0.000291
karela74431621,1,0,10,0.000674,0,0,0,0,0.000373
ari_atjhonk,0,3,3,0,1,1,1,0,0.000291
draculamelow,0,3,18,0,1,1,1,0,0.000291
airinairin_nz,2,0,18,0.002562,0,0,0,0,0.000703
maroanmaroanya1,0,3,3,0,1,1,1,0,0.000291
ngadimi08002459,0,2,2,0,1,1,1,0,0.000291
ariefmomon2,0,3,3,0,1,1,1,0,0.000291
fanny_juda,0,7,2,0,1,1,1,0,0.000291
gunromli,1,0,2,0.000674,0,0,0,0,0.000326
_ekokuntadhi,1,0,2,0.000674,0,0,0,0,0.000326
cholisnurahmad,1,0,2,0.000674,0,0,0,0,0.000326
aznil_yeni,0,3,3,0,1,1,1,0,0.000291
etentenabi,0,2,0,0,1,1,1,0,0.000291
masdui250280,0,3,3,0,1,1,1,0,0.000291
otnayramitsme,0,10,0,0,2,0.916667,0.954545,0,0.000291
ria26720599,1,0,0,0.000674,0,0,0,0,0.000316
katanadiaaa,1,0,0,0.000674,0,0,0,0,0.000316
dinihrdianti,1,2,0,0.000674,1,1,1,0,0.000316
ganjarnusantara,1,0,0,0.000674,0,0,0,0,0.000316
musarudy_stpl,1,0,0,0.000674,0,0,0,0,0.000316
rikasudjiman,1,2,0,0.000674,1,1,1,1,0.000316
suharla85020812,6,1,0,0.00489,1,1,1,0,0.000949
cokymarco,0,2,2,0,1,1,1,0,0.000291
jsuhendartea1,0,3,3,0,1,1,1,0,0.000291
haridjoe,0,3,3,0,1,1,1,0,0.000291
akmalmursid1,0,2,10,0,1,1,1,0,0.000291
ircham_syah,0,2,2,0,1,1,1,0,0.000291
sansanoke8,0,3,3,0,1,1,1,0,0.000291
icaltan1,0,2,2,0,1,1,1,0,0.000291
dikira_gampang,0,3,2,0,1,1,1,0,0.000291
retnoeddy,0,4,0,0,2,0.833333,0.9,0,0.000291
laingenlisa,0,2,0,0,1,1,1,0,0.000291
mudjajin,0,2,2,0,1,1,1,0,0.000291
d3maula81,0,3,3,0,1,1,1,0,0.000291
hancuktenan,0,1,3,0,1,1,1,0,0.000291
yukikurniawan1,0,3,3,0,1,1,1,0,0.000291
warto1,0,2,2,0,1,1,1,0,0.000291
echawingke,0,3,16,0,1,1,1,0,0.000291
tawakkal_03,0,3,3,0,1,1,1,0,0.000291
suryapanduwina1,0,3,3,0,1,1,1,0,0.000291
jamronic,0,2,2,0,1,1,1,0,0.000291
woda_johan,0,7,0,0,6,0.295238,0.437097,0,0.000291
dnok_ayu,1,0,0,0.000674,0,0,0,0,0.000326
urrangawak,5,3,18,0.004101,5,0.320988,0.4,49,0.000523
tmirter,0,2,2,0,1,1,1,0,0.000291
guse43935882,0,3,3,0,1,1,1,0,0.000291
pramudiya165,0,2,2,0,1,1,1,0,0.000291
kuriman_65,0,2,2,0,1,1,1,0,0.000291
schumalich,0,6,2,0,1,1,1,0,0.000291
rk_lamongan,0,1,0,0,2,0.545455,0.583333,0,0.000291
heritanatawa,0,2,2,0,1,1,1,0,0.000291
theodoresyosua1,0,4,8,0,1,1,1,0,0.000291
mugialancar168,1,0,8,0.000674,0,0,0,0,0.000353
buiternzorg26,0,3,3,0,1,1,1,0,0.000291
jam4l_st,0,2,10,0,1,1,1,0,0.000291
bocaharusbawah,0,2,2,0,1,1,1,0,0.000291
sariden10687985,0,6,31,0,1,1,1,0,0.000291
trustrang,1,0,31,0.000674,0,0,0,0,0.000332
sidik_best,1,0,31,0.000674,0,0,0,0,0.000332
enricopelenkahu,0,3,32,0,1,1,1,0,0.000291
p1_eka,1,0,32,0.000674,0,0,0,0,0.000373
_seknas_ri,2,12,34,0.001348,3,0.823529,0.916667,12,0.000347
ari3pras,2,0,34,0.001439,0,0,0,0,0.000357
kanjeng2022,0,6,0,0,6,0.280374,0.408333,0,0.000291
nurfatimahhasy1,0,2,10,0,1,1,1,0,0.000291
oxoktober_win01,0,2,12,0,2,0.75,0.833333,0,0.000291
yudasarabia,0,3,2,0,1,1,1,0,0.000291
dediibanez,0,2,2,0,1,1,1,0,0.000291
alangkahr,0,3,2,0,1,1,1,0,0.000291
gregoriushgp,0,1,0,0,1,1,1,0,0.000291
t_setyagam,0,3,10,0,1,1,1,0,0.000291
rexychristian1,0,2,0,0,3,0.571429,0.708333,0,0.000291
zautzuntack,0,2,0,0,3,0.571429,0.708333,0,0.000291
sahabatsaber,1,4,33,0.000674,1,1,1,2,0.000373
mulyadisae3,1,0,33,0.00072,0,0,0,0,0.00037
nzaky05s,0,3,2,0,1,1,1,0,0.000291
rang_hoki,0,8,37,0,4,0.377551,0.481982,0,0.000291
iyan080477,1,0,37,0.000674,0,0,0,0,0.000322
abdillahagus2,0,2,10,0,1,1,1,0,0.000291
wildisond,0,3,3,0,1,1,1,0,0.000291
tony_harto,0,1,0,0,1,1,1,0,0.000291
66uttercup,0,2,2,0,1,1,1,0,0.000291
melati951073141,0,3,36,0,1,1,1,0,0.000291
maklambeturah,2,0,36,0.001348,0,0,0,0,0.000456
suprayoga123,0,2,2,0,1,1,1,0,0.000291
sam_rizal,0,2,2,0,1,1,1,0,0.000291
dianpratiwinij,0,1,0,0,1,1,1,0,0.000291
harapanbaru16,0,3,3,0,1,1,1,0,0.000291
budarsana_ketut,0,2,10,0,1,1,1,0,0.000291
eddievanpan,0,2,2,0,1,1,1,0,0.000291
marsyaheedas,0,3,10,0,1,1,1,0,0.000291
mangun_bang,0,8,34,0,1,1,1,0,0.000291
newiding30,1,0,34,0.000674,0,0,0,0,0.000322
ananihakimgmai1,1,0,34,0.000674,0,0,0,0,0.000322
putri_sulita_,2,0,34,0.001348,0,0,0,0,0.000337
74mijhon,2,0,34,0.001348,0,0,0,0,0.000337
mad_alyana,2,0,34,0.001348,0,0,0,0,0.000337
roro_wahyuni,2,0,34,0.001348,0,0,0,0,0.000337
afriqh_s,2,0,34,0.001348,0,0,0,0,0.000337
ramdin3011,0,2,2,0,1,1,1,0,0.000291
bakihanma_gear2,0,2,2,0,1,1,1,0,0.000291
diinaa_widya,0,2,2,0,1,1,1,0,0.000291
suwandidandi4,0,3,3,0,1,1,1,0,0.000291
denish234,0,3,3,0,1,1,1,0,0.000291
jwinono,0,5,0,0,1,1,1,0,0.000291
laxyyta,0,1,0,0,1,1,1,0,0.000291
ricoumara,0,3,3,0,1,1,1,0,0.000291
masganjar2024,1,1,0,0.000768,1,1,1,0,0.000386
ariefmantoi,0,6,2,0,1,1,1,0,0.000291
ratupalbun,6,0,2,0.004045,0,0,0,0,0.000662
akupezi,0,2,2,0,1,1,1,0,0.000291
hary717,0,3,31,0,1,1,1,0,0.000291
parssibarani76,0,1,0,0,1,1,1,0,0.000291
zack72864898,0,3,31,0,1,1,1,0,0.000291
sikabayanc,0,2,2,0,1,1,1,0,0.000291
nafiachmad3,0,3,3,0,1,1,1,0,0.000291
riywahyu,0,2,0,0,1,1,1,0,0.000291
agusjambul7,0,3,3,0,1,1,1,0,0.000291
kido_eks,0,2,2,0,1,1,1,0,0.000291
_anotha1,0,1,0,0,1,1,1,0,0.000291
senowerkudoro4,0,3,8,0,1,1,1,0,0.000291
gpjateng,1,0,8,0.000674,0,0,0,0,0.000373
muhansor4,0,5,31,0,1,1,1,0,0.000291
rezhachaniago,2,0,31,0.001348,0,0,0,0,0.000382
achmbad,0,3,3,0,1,1,1,0,0.000291
nurida1081,0,3,3,0,1,1,1,0,0.000291
jkopriyo,0,3,2,0,1,1,1,0,0.000291
hendrixstyn,0,2,2,0,1,1,1,0,0.000291
changnendra,0,2,10,0,1,1,1,0,0.000291
wienkularika,0,2,0,0,1,1,1,0,0.000291
dylnkiddo,0,2,0,0,1,1,1,0,0.000291
felixs_ie,0,2,2,0,1,1,1,0,0.000291
radityapp94,0,2,0,0,1,1,1,0,0.000291
krismanto234,0,6,31,0,1,1,1,0,0.000291
penghuni_goa,0,2,2,0,1,1,1,0,0.000291
peribudiman4,0,2,0,0,1,1,1,0,0.000291
masrizal234,0,8,2,0,2,0.7,0.785714,0,0.000291
ary12_10,6,0,2,0.004045,0,0,0,0,0.000577
wongsep71062431,5,3,2,0.004064,2,0.6,0.666667,0,0.000628
susanto21585883,7,0,2,0.004861,0,0,0,0,0.000741
gold3viplus,0,2,0,0,1,1,1,0,0.000291
sangpejuank,0,7,0,0,5,0.352941,0.48,0,0.000291
p81angga,1,0,0,0.000674,0,0,0,0,0.000326
erwinsh30857524,1,0,0,0.000674,0,0,0,0,0.000326
bungkustukang,2,0,0,0.001348,0,0,0,0,0.000367
yazixchi,0,2,0,0,1,1,1,0,0.000291
ach_hasaneth,0,2,0,0,1,1,1,0,0.000291
ikbalrasyid1gm1,0,2,0,0,1,1,1,0,0.000291
nodiandrean,0,2,0,0,1,1,1,0,0.000291
fulanmcbastard,0,2,0,0,1,1,1,0,0.000291
dian2martina,0,2,0,0,1,1,1,0,0.000291
parwananana,0,2,0,0,1,1,1,0,0.000291
cahthableug,0,2,10,0,1,1,1,0,0.000291
artikata11,0,2,0,0,1,1,1,0,0.000291
darmalik3,0,2,2,0,1,1,1,0,0.000291
aakunaepii,0,3,2,0,1,1,1,0,0.000291
nyenyenyenye23,0,2,0,0,1,1,1,0,0.000291
asykadi,0,3,31,0,1,1,1,0,0.000291
aguskemal503,0,2,2,0,1,1,1,0,0.000291
kokourix,0,2,10,0,1,1,1,0,0.000291
barasultan048,0,2,2,0,1,1,1,0,0.000291
khoesaidi1,0,2,0,0,1,1,1,0,0.000291
putucangkiriku,0,3,35,0,1,1,1,0,0.000291
utakodi,1,0,35,0.000674,0,0,0,0,0.000373
zaenaludin5,0,2,2,0,1,1,1,0,0.000291
icakb6,0,2,0,0,1,1,1,0,0.000291
wongtelukpenyu,0,2,2,0,1,1,1,0,0.000291
nurtisari_,0,3,2,0,1,1,1,0,0.000291
widiatis279,0,1,0,0,1,1,1,0,0.000291
anang72897638,0,2,12,0,2,0.75,0.833333,0,0.000291
ygisptwn,0,2,0,0,1,1,1,0,0.000291
fayruzfayqa,0,3,8,0,1,1,1,0,0.000291
wawan49301931,0,3,31,0,1,1,1,0,0.000291
papatanjung,0,3,3,0,1,1,1,0,0.000291
suryadi89445402,0,3,3,0,1,1,1,0,0.000291
astyanio,0,3,36,0,1,1,1,0,0.000291
saptopriyatno3,0,2,2,0,1,1,1,0,0.000291
nadlafaiz,0,1,3,0,1,1,1,0,0.000291
muridnowatyradd,0,2,0,0,1,1,1,0,0.000291
wanweimemori,0,3,2,0,1,1,1,0,0.000291
mehhh75765607,0,3,10,0,1,1,1,0,0.000291
dsimbol1,0,2,2,0,1,1,1,0,0.000291
reuzpalma,0,2,0,0,1,1,1,0,0.000291
bebuzzernkri,0,7,31,0,1,1,1,0,0.000291
yana11950825,0,2,2,0,1,1,1,0,0.000291
ronynuronym,0,3,3,0,1,1,1,0,0.000291
oomgun,0,2,0,0,1,1,1,0,0.000291
adolfohietler,0,3,21,0,1,1,1,0,0.000291
ali65597920,0,3,31,0,1,1,1,0,0.000291
wongsemesta,0,2,2,0,1,1,1,0,0.000291
isilham1,0,3,2,0,1,1,1,0,0.000291
alieeffputra,0,2,0,0,1,1,1,0,0.000291
ineindahp1,0,2,0,0,1,1,1,0,0.000291
watchpms,0,2,2,0,1,1,1,0,0.000291
banyumas3_bawor,0,2,1,0,1,1,1,0,0.000291
2024newmind,0,3,2,0,1,1,1,0,0.000291
youdha59527379,0,2,0,0,1,1,1,0,0.000291
pajjala,0,3,3,0,1,1,1,0,0.000291
rizky8421,0,4,2,0,1,1,1,0,0.000291
gunasatwam,0,2,0,0,1,1,1,0,0.000291
dar_sons9021,0,2,10,0,1,1,1,0,0.000291
pedjoeangsubuh,0,7,0,0,5,0.319328,0.432456,0,0.000291
jannotama,0,2,2,0,1,1,1,0,0.000291
sie_mumun,0,3,31,0,1,1,1,0,0.000291
juliana1092,0,2,2,0,1,1,1,0,0.000291
anggurketanitem,0,4,37,0,5,0.302521,0.382407,0,0.000291
teezaa62,0,2,2,0,1,1,1,0,0.000291
jm_bela_nkri,0,3,0,0,1,1,1,0,0.000291
mrsrachelin,4,0,56,0.002791,0,0,0,0,0.000575
togogkempling,0,1,3,0,1,1,1,0,0.000291
yusufmashadi17,0,2,2,0,1,1,1,0,0.000291
ferdian2710,0,2,2,0,1,1,1,0,0.000291
sahar65656722,0,2,2,0,1,1,1,0,0.000291
putrahajri,1,1,38,0.000721,0,0,0,0,0.000291
puguhwahyu16,0,2,10,0,1,1,1,0,0.000291
adi00538382,0,3,2,0,1,1,1,0,0.000291
satriagoenawan,0,2,2,0,1,1,1,0,0.000291
kiddos_hit,0,2,2,0,1,1,1,0,0.000291
ajitrimo3,0,2,39,0,1,1,1,0,0.000291
jatengopini,2,0,39,0.001348,0,0,0,0,0.000538
auliapyd,0,3,2,0,1,1,1,0,0.000291
friendsleepp,0,3,2,0,1,1,1,0,0.000291
boiver5,0,2,2,0,1,1,1,0,0.000291
mohamad41967776,0,3,2,0,1,1,1,0,0.000291
asyafazaky,0,2,0,0,1,1,1,0,0.000291
kenapa_gituu,0,2,0,0,1,1,1,0,0.000291
bang_jiban,0,2,0,0,1,1,1,0,0.000291
mustofa33390655,0,1,0,0,1,1,1,0,0.000291
lspiatki4,0,1,0,0,1,1,1,0,0.000291
agusjun10717669,0,3,3,0,1,1,1,0,0.000291
amirwinwin,0,3,3,0,1,1,1,0,0.000291
willyrosiyandi,0,2,2,0,1,1,1,0,0.000291
pujastikaa,0,1,0,0,1,1,1,0,0.000291
wied44696934,0,2,2,0,1,1,1,0,0.000291
nurishooo,0,2,2,0,1,1,1,0,0.000291
septiastriani2,0,2,0,0,1,1,1,0,0.000291
bolodew93630768,0,2,2,0,1,1,1,0,0.000291
askar29984293,0,3,3,0,1,1,1,0,0.000291
azharra47,0,3,2,0,1,1,1,0,0.000291
mujiza_t,0,3,31,0,1,1,1,0,0.000291
pdarkness99,0,6,40,0,1,1,1,0,0.000291
mash,2,0,40,0.001348,0,0,0,0,0.000349
karinawung,2,0,40,0.001348,0,0,0,0,0.000349
ranikancana__,2,0,40,0.001348,0,0,0,0,0.000349
onissmartco,2,0,40,0.001348,0,0,0,0,0.000349
riyadinadin7,0,2,0,0,1,1,1,0,0.000291
srikandiganjar_,1,1,41,0.000721,0,0,0,0,0.000291
ganesa4gp,1,1,42,0.000721,0,0,0,0,0.000291
yudhimardian1,0,3,3,0,1,1,1,0,0.000291
jemboetrambo,0,2,2,0,1,1,1,0,0.000291
andikarhamadhan,0,1,0,0,1,1,1,0,0.000291
anginsabon,0,2,0,0,1,1,1,0,0.000291
lutfi_amrullah,0,3,2,0,1,1,1,0,0.000291
mahkota_duri,1,1,43,0.000721,0,0,0,0,0.000291
yunius_psi,1,1,44,0.000721,0,0,0,0,0.000291
angellafee_,0,2,2,0,1,1,1,0,0.000291
hasyimrasy_id,0,4,45,0,1,1,1,0,0.000291
ach_panji,0,3,16,0,1,1,1,0,0.000291
restulaia51,0,2,0,0,1,1,1,0,0.000291
kompastv,2,0,0,0.001348,0,0,0,0,0.000538
deanazurie,0,3,0,0,1,1,1,0,0.000291
zoel43620737,0,3,31,0,1,1,1,0,0.000291
hairifadli,0,2,0,0,1,1,1,0,0.000291
ndoroatmo,0,2,2,0,1,1,1,0,0.000291
liest07list,0,2,0,0,1,1,1,0,0.000291
jktprostore,0,2,2,0,1,1,1,0,0.000291
bbahtiarr,0,2,0,0,1,1,1,0,0.000291
itsnaini_alan,0,2,2,0,1,1,1,0,0.000291
djadulm,0,3,3,0,1,1,1,0,0.000291
luthfi_emha,0,2,2,0,1,1,1,0,0.000291
reskue2,0,3,2,0,1,1,1,0,0.000291
ocukam,1,0,2,0.000674,0,0,0,0,0.000373
ypryudo,0,2,0,0,1,1,1,0,0.000291
dharmonol,0,2,0,0,1,1,1,0,0.000291
darmadzz,0,2,2,0,1,1,1,0,0.000291
nurakhmadnova,0,1,0,0,1,1,1,0,0.000291
walisiregar,0,3,3,0,1,1,1,0,0.000291
andfadel,0,2,0,0,1,1,1,0,0.000291
sentrifugal_man,0,3,2,0,1,1,1,0,0.000291
dnayza1212,0,3,0,0,1,1,1,0,0.000291
puturadion,0,3,0,0,1,1,1,0,0.000291
ferryjw1,0,1,3,0,1,1,1,0,0.000291
ovimeiiii,0,2,2,0,1,1,1,0,0.000291
sayaputrik,0,1,0,0,1,1,1,0,0.000291
alimsyah__75,0,3,3,0,1,1,1,0,0.000291
dofieeedofi,0,2,2,0,1,1,1,0,0.000291
bravot2g,0,2,2,0,1,1,1,0,0.000291
javras1,0,5,0,0,1,1,1,0,0.000291
rusydi_alwysyah,0,3,3,0,1,1,1,0,0.000291
afidbruno1,0,2,0,0,1,1,1,0,0.000291
lubizyudi,0,2,2,0,1,1,1,0,0.000291
f_uthabarat,0,2,2,0,1,1,1,0,0.000291
ediso9876,0,2,2,0,1,1,1,0,0.000291
anaksemut4,0,3,10,0,1,1,1,0,0.000291
almukaram123,5,0,10,0.003371,0,0,0,0,0.000662
harimauterakhi2,0,2,0,0,1,1,1,0,0.000291
ivanfernanda___,0,1,0,0,1,1,1,0,0.000291
zihniweda,0,2,2,0,1,1,1,0,0.000291
yamin54898245,0,3,31,0,1,1,1,0,0.000291
dzulfaqqar1,0,2,2,0,1,1,1,0,0.000291
pemegangmandau,0,2,2,0,1,1,1,0,0.000291
basyuki10,0,2,2,0,1,1,1,0,0.000291
sururi212,0,4,3,0,1,1,1,0,0.000291
falgozie,1,0,3,0.000674,0,0,0,0,0.000353
zombie22743702,0,2,10,0,1,1,1,0,0.000291
abdul_shol3h,0,2,2,0,1,1,1,0,0.000291
andimd89,0,3,31,0,1,1,1,0,0.000291
mahathirr,0,3,2,0,1,1,1,0,0.000291
oentoengsuratma,0,3,2,0,1,1,1,0,0.000291
idaharjuno90,0,3,2,0,1,1,1,0,0.000291
ribut79068361,0,2,0,0,1,1,1,0,0.000291
gadingkelapa2,0,2,0,0,3,0.571429,0.708333,0,0.000291
pejuangindah90,0,1,0,0,1,1,1,0,0.000291
dhanayoungjava,0,2,0,0,1,1,1,0,0.000291
muryantoyuli,0,2,0,0,1,1,1,0,0.000291
argamua,0,2,18,0,2,0.583333,0.642857,0,0.000291
77bayoe,1,3,0,0.000674,1,1,1,1,0.000373
sonny_ichsan,0,3,0,0,2,0.8,0.875,0,0.000291
torajaasli,0,3,46,0,1,1,1,0,0.000291
nasdem,6,0,46,0.004092,0,0,0,0,0.00072
yunartowijaya,3,0,46,0.002022,0,0,0,0,0.000538
beni332211,0,1,3,0,1,1,1,0,0.000291
penjagajokowi1,0,3,0,0,1,1,1,0,0.000291
uncukoto1,0,3,3,0,1,1,1,0,0.000291
alfianzeni,0,2,2,0,1,1,1,0,0.000291
nardy5376,0,2,2,0,1,1,1,0,0.000291
kebohejoreborn,0,4,2,0,1,1,1,0,0.000291
galihsa44705679,0,2,2,0,1,1,1,0,0.000291
bpratama_nugrah,0,5,2,0,1,1,1,0,0.000291
endas505,0,3,3,0,1,1,1,0,0.000291
yeekocaak,0,2,0,0,1,1,1,0,0.000291
restuandara99,2,0,34,0.001439,0,0,0,0,0.00034
putri_mutiara_1,0,10,34,0,4,0.652174,0.805556,0,0.000291
kalimayafashion,2,0,34,0.001439,0,0,0,0,0.00034
katingankominfo,3,0,34,0.002113,0,0,0,0,0.000371
azisdadun_,3,0,34,0.002113,0,0,0,0,0.000371
wiwikherma,4,0,34,0.002787,0,0,0,0,0.000387
thearieair,3,0,34,0.002113,0,0,0,0,0.000371
bhening_,3,0,34,0.002113,0,0,0,0,0.000371
cantikacahyhani,3,0,34,0.002113,0,0,0,0,0.000371
samijan008,3,0,34,0.002113,0,0,0,0,0.000371
iskandar_samida,0,3,3,0,1,1,1,0,0.000291
linaindrawati13,0,3,2,0,1,1,1,0,0.000291
ritageulis,0,3,10,0,1,1,1,0,0.000291
rahmat8880,0,2,0,0,1,1,1,0,0.000291
sabdaal55425606,0,2,0,0,1,1,1,0,0.000291
sejati_roni,0,1,0,0,1,1,1,0,0.000291
anton_1158anton,0,3,3,0,1,1,1,0,0.000291
ulistyoulist,0,3,3,0,1,1,1,0,0.000291
karto86768493,0,3,3,0,1,1,1,0,0.000291
cytrlo23,0,2,2,0,1,1,1,0,0.000291
titania_hime,0,2,2,0,1,1,1,0,0.000291
rejosh2,0,2,0,0,1,1,1,0,0.000291
eksanuri1,0,3,3,0,1,1,1,0,0.000291
suhan_jagara,0,2,2,0,1,1,1,0,0.000291
salman_19jr,0,2,0,0,1,1,1,0,0.000291
eddy_eedkit,0,3,31,0,1,1,1,0,0.000291
sugito43334255,0,2,10,0,1,1,1,0,0.000291
gentayangan007,0,2,0,0,1,1,1,0,0.000291
mbahkak66735378,0,2,10,0,1,1,1,0,0.000291
kikiaston159,0,2,10,0,1,1,1,0,0.000291
edaneli02295949,0,2,2,0,1,1,1,0,0.000291
sunggu66,0,2,2,0,1,1,1,0,0.000291
yradianto,0,1,3,0,1,1,1,0,0.000291
goope_il,0,2,2,0,1,1,1,0,0.000291
up_pray,0,8,37,0,4,0.406977,0.519048,0,0.000291
jokotol7,6,14,37,0.006308,4,0.435897,0.607843,120,0.000763
ayuastr21700264,8,9,37,0.007778,4,0.404762,0.529412,84,0.000852
toejoe48827068,5,8,37,0.005252,4,0.404762,0.519608,19,0.000659
antonideno,0,2,2,0,1,1,1,0,0.000291
janetez69,0,2,0,0,1,1,1,0,0.000291
mzulfan40495450,0,3,2,0,1,1,1,0,0.000291
benz64hadi,0,3,3,0,1,1,1,0,0.000291
wongalasroban,0,4,37,0,4,0.35,0.414286,0,0.000291
panjianom102,0,1,3,0,1,1,1,0,0.000291
fachreziansyah,0,2,0,0,1,1,1,0,0.000291
santya128,0,3,46,0,1,1,1,0,0.000291
athiy_r,0,2,0,0,1,1,1,0,0.000291
prass404,0,2,0,0,1,1,1,0,0.000291
pinokowi_,0,2,2,0,1,1,1,0,0.000291
joewongjava,0,3,0,0,1,1,1,0,0.000291
mamiqalea,0,3,3,0,1,1,1,0,0.000291
legalbizid,0,3,2,0,1,1,1,0,0.000291
alghazaligusni,0,3,3,0,1,1,1,0,0.000291
syacintus,0,2,2,0,1,1,1,0,0.000291
littlegarde,0,2,2,0,1,1,1,0,0.000291
siregar_najeges,0,2,2,0,1,1,1,0,0.000291
konoha_negri,0,2,0,0,1,1,1,0,0.000291
juhrisyamsudin,0,8,34,0,4,0.6,0.738889,0,0.000291
8080_dga,0,2,2,0,1,1,1,0,0.000291
fajaronline,1,1,47,0.000721,0,0,0,0,0.000291
nataprajasule,0,8,18,0,5,0.364706,0.499462,0,0.000291
pemdadki,1,0,18,0.000674,0,0,0,0,0.000322
pemdadkijakarta,1,0,18,0.000674,0,0,0,0,0.000322
okijogjezz,1,0,18,0.000674,0,0,0,0,0.000322
flo_rence,1,0,18,0.000674,0,0,0,0,0.000322
mey_sakin,0,2,0,0,1,1,1,0,0.000291
slameta66292572,0,3,3,0,1,1,1,0,0.000291
sudadmono,0,2,2,0,1,1,1,0,0.000291
konoha2022,0,2,0,0,1,1,1,0,0.000291
oecoefhdyt,0,3,3,0,1,1,1,0,0.000291
paradaprd,0,2,2,0,1,1,1,0,0.000291
ishomuddin2,0,2,0,0,1,1,1,0,0.000291
darmamaskur,0,3,3,0,1,1,1,0,0.000291
rakyatgaluh,0,2,2,0,1,1,1,0,0.000291
cbr26779116,0,3,3,0,1,1,1,0,0.000291
ebhoy11,0,3,3,0,1,1,1,0,0.000291
danang_ekooo,0,1,0,0,1,1,1,0,0.000291
adam_lalu80,0,2,2,0,1,1,1,0,0.000291
masanto5757,0,2,0,0,1,1,1,0,0.000291
ae_eyota,0,2,2,0,1,1,1,0,0.000291
mikrolet,1,2,2,0.000674,1,1,1,0,0.000373
kopiganja,0,3,2,0,1,1,1,0,0.000291
harya117,0,2,8,0,1,1,1,0,0.000291
daengmarowa,0,2,0,0,1,1,1,0,0.000291
deplankthoon,0,2,12,0,2,0.75,0.833333,0,0.000291
wahyuyl,0,2,0,0,1,1,1,0,0.000291
ruskandar,0,4,0,0,1,1,1,0,0.000291
bengges,0,2,18,0,2,0.583333,0.642857,0,0.000291
paralel010168,0,2,2,0,1,1,1,0,0.000291
o3nnhboqbkxzqnn,0,1,0,0,1,1,1,0,0.000291
suriansyahkoro2,0,3,3,0,1,1,1,0,0.000291
sopanedan,0,2,2,0,1,1,1,0,0.000291
edzeki,0,4,0,0,1,1,1,0,0.000291
fajaralam9,0,3,2,0,1,1,1,0,0.000291
singkir_geni,1,0,2,0.000674,0,0,0,0,0.000373
slevinsojiro,0,3,21,0,1,1,1,0,0.000291
altezza_05,0,2,2,0,1,1,1,0,0.000291
nixon_fs,0,2,2,0,1,1,1,0,0.000291
edymulyono948,0,2,12,0,2,0.75,0.833333,0,0.000291
ahayyyeah,0,2,2,0,1,1,1,0,0.000291
bbin35,0,3,3,0,1,1,1,0,0.000291
anata_kesuma,0,3,3,0,1,1,1,0,0.000291
hendraalvareza,0,3,3,0,1,1,1,0,0.000291
ivoelbachrie,0,2,0,0,3,0.571429,0.708333,0,0.000291
firman_lature,0,2,2,0,1,1,1,0,0.000291
yaaaaa60342493,0,2,2,0,1,1,1,0,0.000291
mucht4r64,0,1,3,0,1,1,1,0,0.000291
mo_luthfi,0,2,0,0,1,1,1,0,0.000291
ishaknedan,0,8,18,0,4,0.438356,0.544271,0,0.000291
ulul_surya,0,2,2,0,1,1,1,0,0.000291
dulukurus1,1,2,0,0.000674,1,1,1,0,0.00034
gentharo,0,5,0,0,1,1,1,0,0.000291
vdivinubun,0,2,2,0,1,1,1,0,0.000291
vlogell,0,2,2,0,1,1,1,0,0.000291
moris_4ll,0,3,3,0,1,1,1,0,0.000291
wongmlaku,0,3,3,0,1,1,1,0,0.000291
rajabajay,0,2,2,0,1,1,1,0,0.000291
asr_aji,0,2,2,0,1,1,1,0,0.000291
dodi_owi,0,2,2,0,1,1,1,0,0.000291
bravo7707831106,0,3,3,0,1,1,1,0,0.000291
kiko8505,0,2,0,0,1,1,1,0,0.000291
slametpurwanton,0,3,3,0,1,1,1,0,0.000291
hidupmati1kali,0,4,2,0,1,1,1,0,0.000291
eddysutrisno08,0,2,0,0,1,1,1,0,0.000291
bispak1213,0,2,34,0,1,1,1,0,0.000291
ganja,2,0,34,0.001348,0,0,0,0,0.00043
zadozoro,3,1,34,0.002163,0,0,0,0,0.00043
asepkosasih78,0,3,3,0,1,1,1,0,0.000291
kabars4habat,1,1,48,0.000721,0,0,0,0,0.000291
matanepicek5,0,2,0,0,1,1,1,0,0.000291
enti_mama,0,2,10,0,1,1,1,0,0.000291
hendrartidwi17,0,2,0,0,1,1,1,0,0.000291
tedjosumarno,0,1,3,0,1,1,1,0,0.000291
asepsae05935530,0,2,2,0,1,1,1,0,0.000291
eckay43676548,0,4,2,0,1,1,1,0,0.000291
aican88,0,2,0,0,1,1,1,0,0.000291
suryape15320467,0,2,0,0,1,1,1,0,0.000291
amir_sikumbang,0,2,0,0,1,1,1,0,0.000291
onl1jb,0,3,31,0,1,1,1,0,0.000291
becakdorong23,2,3,2,0.001394,1,1,1,0,0.00038
iblis5rizieq,1,4,2,0.000674,1,1,1,0,0.000313
rubbersouli,0,11,2,0,1,1,1,0,0.000291
anysragen,0,2,0,0,1,1,1,0,0.000291
kami_merdeka,0,3,2,0,1,1,1,0,0.000291
luna_bafagih,0,3,3,0,1,1,1,0,0.000291
zctsheetchy,0,2,0,0,3,0.458333,0.530303,0,0.000291
gustimberkahi,2,6,0,0.001397,2,0.714286,0.8,13.5,0.000491
nkri_si,0,1,3,0,1,1,1,0,0.000291
aurra1comel,0,2,0,0,1,1,1,0,0.000291
didisyaipudin9,0,2,0,0,3,0.571429,0.708333,0,0.000291
mhappinessisyou,0,2,0,0,1,1,1,0,0.000291
tiketnirwan4,0,4,37,0,5,0.302521,0.382407,0,0.000291
onilmaboi23,0,2,1,0,1,1,1,0,0.000291
rekobudi,0,2,10,0,1,1,1,0,0.000291
k0ne9,0,3,3,0,1,1,1,0,0.000291
advento_baskoro,0,1,0,0,1,1,1,0,0.000291
putrabanjaran35,0,5,0,0,1,1,1,0,0.000291
brekeley123,0,4,18,0,1,1,1,0,0.000291
ifyou_611,0,3,3,0,1,1,1,0,0.000291
jhoekromo,0,2,0,0,1,1,1,0,0.000291
orchid_46,0,3,3,0,1,1,1,0,0.000291
diemaskrisna,0,2,0,0,1,1,1,0,0.000291
ojkindonesia,1,0,0,0.000674,0,0,0,0,0.000415
agus62716997,0,2,0,0,1,1,1,0,0.000291
arismustamin2,0,2,0,0,1,1,1,0,0.000291
jekjek1,0,5,0,0,2,0.857143,0.916667,0,0.000291
thet4ntrys1,1,0,0,0.000674,0,0,0,0,0.00034
visiau,0,12,2,0,5,0.346774,0.49845,0,0.000291
iwidsoeryo,1,0,2,0.000674,0,0,0,0,0.000311
raijaran,1,0,2,0.000674,0,0,0,0,0.000311
kuceeelableeee,1,0,2,0.000674,0,0,0,0,0.000311
fadlyhendra11,1,0,2,0.000674,0,0,0,0,0.000311
ariswid50614629,0,2,0,0,1,1,1,0,0.000291
narangnarangi,0,3,2,0,1,1,1,0,0.000291
hansi_firdaus01,0,1,3,0,1,1,1,0,0.000291
fpurwakarta,0,4,3,0,1,1,1,0,0.000291
arungdunia,1,0,3,0.000674,0,0,0,0,0.000353
randy_naufal26,0,2,0,0,1,1,1,0,0.000291
chebonxinsyaf,0,3,0,0,1,1,1,0,0.000291
vivacoid,1,0,0,0.000674,0,0,0,0,0.000373
m45broo_,2,0,3,0.001348,0,0,0,0,0.000435
makin_arif,0,3,0,0,1,1,1,0,0.000291
mhdyusuf6957787,1,0,0,0.000674,0,0,0,0,0.000373
marlborowr,0,4,0,0,1,1,1,0,0.000291
fr4nst,1,1,49,0.000721,0,0,0,0,0.000291
tegar51541,0,3,3,0,1,1,1,0,0.000291
ramenblaster,0,2,2,0,1,1,1,0,0.000291
jiwe3107,0,3,1,0,1,1,1,0,0.000291
atika_444,0,1,0,0,1,1,1,0,0.000291
julaicha_i,0,2,0,0,1,1,1,0,0.000291
samsulhadihad15,0,3,3,0,1,1,1,0,0.000291
seiennaaaa,0,3,16,0,1,1,1,0,0.000291
rzwnxy1,0,2,2,0,1,1,1,0,0.000291
dg_kawank,0,2,0,0,1,1,1,0,0.000291
komang62052951,0,2,2,0,1,1,1,0,0.000291
oo_rostaman,0,4,3,0,1,1,1,0,0.000291
bambang20020901,2,0,3,0.001348,0,0,0,0,0.000394
djuwartono,0,2,0,0,1,1,1,0,0.000291
lauversee,0,1,0,0,1,1,1,0,0.000291
empower78,0,3,3,0,1,1,1,0,0.000291
feriromadonp,0,3,3,0,1,1,1,0,0.000291
awaydayseducat1,0,2,2,0,1,1,1,0,0.000291
kipanyadap,0,3,3,0,1,1,1,0,0.000291
shonejistore,0,2,2,0,1,1,1,0,0.000291
thebest97311628,1,2,0,0.000674,1,1,1,0,0.000373
narminzaini,0,3,0,0,1,1,1,0,0.000291
pijatikhlas,0,2,2,0,1,1,1,0,0.000291
fabian_shakti,0,3,3,0,1,1,1,0,0.000291
erwanjuniarto95,0,2,2,0,1,1,1,0,0.000291
dew0w1snu,0,2,18,0,2,0.625,0.7,0,0.000291
rizkir4madani,2,4,18,0.001348,1,1,1,5,0.000497
wahyudiprojo,0,3,2,0,1,1,1,0,0.000291
pdiperjuanganp,1,0,2,0.000674,0,0,0,0,0.000373
hamud_fauzan,0,3,3,0,1,1,1,0,0.000291
bangkuwok,0,2,0,0,1,1,1,0,0.000291
pak_rt03,0,2,0,0,1,1,1,0,0.000291
tinadubie,0,2,0,0,3,0.571429,0.708333,0,0.000291
nymsuginata,0,2,2,0,1,1,1,0,0.000291
dm_n4byl,0,9,18,0,4,0.482143,0.604938,0,0.000291
ddwie5,3,0,18,0.002323,0,0,0,0,0.000375
miicies,6,0,18,0.004982,0,0,0,0,0.000534
marbot_udien,3,1,18,0.002323,1,1,1,8,0.000375
zhymme,3,0,18,0.002323,0,0,0,0,0.000375
erickthohir,14,0,18,0.010344,0,0,0,0,0.001735
widodo2017,0,2,0,0,1,1,1,0,0.000291
iyongpananjung1,0,2,2,0,1,1,1,0,0.000291
hidupbarua,0,2,0,0,1,1,1,0,0.000291
mi_silvipipih,0,2,2,0,1,1,1,0,0.000291
alifaghaisani,0,3,2,0,1,1,1,0,0.000291
chenchenkoe,0,2,2,0,1,1,1,0,0.000291
zulfikarmpj73,0,2,0,0,3,0.571429,0.708333,0,0.000291
o_riyant,0,2,0,0,1,1,1,0,0.000291
anasismail_90,0,2,2,0,1,1,1,0,0.000291
ndankzpriatna,0,3,3,0,1,1,1,0,0.000291
yanimu5,0,2,0,0,1,1,1,0,0.000291
rana2376,0,2,2,0,1,1,1,0,0.000291
fazaalmaziyyah,0,3,16,0,1,1,1,0,0.000291
abdimurabi,0,3,3,0,1,1,1,0,0.000291
bchtiarksma,0,1,0,0,1,1,1,0,0.000291
na_sth,0,3,2,0,1,1,1,0,0.000291
leeatheea,1,2,0,0.000674,1,1,1,0,0.000353
asnaip22,0,4,0,0,2,0.833333,0.9,0,0.000291
awaluddin65,0,2,2,0,1,1,1,0,0.000291
fendigucci3,0,1,0,0,1,1,1,0,0.000291
emmyrostyaty3,0,2,10,0,1,1,1,0,0.000291
taaq_99,0,2,0,0,1,1,1,0,0.000291
wahyukartiko10,1,0,0,0.000674,0,0,0,0,0.000415
panji_ananta,0,2,2,0,1,1,1,0,0.000291
opoaenduweh,0,3,2,0,1,1,1,0,0.000291
tarjotarjo15,1,0,2,0.000674,0,0,0,0,0.000373
rizal98424059,2,14,2,0.001872,3,0.548387,0.666667,363,0.000423
suyatnapp,0,3,3,0,1,1,1,0,0.000291
nannafanzauza_7,0,3,2,0,1,1,1,0,0.000291
hrbmntyo21,0,3,3,0,1,1,1,0,0.000291
ayahenya,0,2,0,0,1,1,1,0,0.000291
catur_sk,0,2,0,0,1,1,1,0,0.000291
maliklentera,0,2,0,0,1,1,1,0,0.000291
msbadang,0,3,56,0,1,1,1,0,0.000291
bptj_cilacap,1,1,50,0.000721,0,0,0,0,0.000291
akhmadarifin,0,2,0,0,1,1,1,0,0.000291
otiztechnology1,0,4,0,0,1,1,1,0,0.000291
onni_saputra994,0,2,0,0,1,1,1,0,0.000291
parwis_juara,0,3,3,0,1,1,1,0,0.000291
megasetyabudii,0,2,0,0,1,1,1,0,0.000291
bapakfadillagi,0,2,18,0,5,0.310345,0.369753,0,0.000291
obbyajah1,0,4,3,0,1,1,1,0,0.000291
mandra_wata,0,2,0,0,1,1,1,0,0.000291
oliel86683539,0,2,0,0,1,1,1,0,0.000291
umaryas65067690,0,3,3,0,1,1,1,0,0.000291
aden86139325,0,3,3,0,1,1,1,0,0.000291
khin_maftu,0,1,0,0,1,1,1,0,0.000291
machikomasruf,0,1,0,0,1,1,1,0,0.000291
jhonpablo212,0,2,0,0,1,1,1,0,0.000291
palsooooo,0,2,0,0,1,1,1,0,0.000291
juni73881771,0,2,2,0,1,1,1,0,0.000291
jams781,0,3,3,0,1,1,1,0,0.000291
tukangritwiit,0,3,0,0,1,1,1,0,0.000291
sukarja,0,3,8,0,1,1,1,0,0.000291
bestaribag,0,2,2,0,1,1,1,0,0.000291
adrianto_wahjoe,0,3,3,0,1,1,1,0,0.000291
thedarkside2929,0,2,2,0,1,1,1,0,0.000291
lalumawe,0,3,0,0,5,0.321429,0.397531,0,0.000291
yunan10,1,5,21,0.000674,1,1,1,0,0.000332
anna_sayfa,0,6,21,0,1,1,1,0,0.000291
rizarif79,0,1,0,0,1,1,1,0,0.000291
pradipttu,0,3,63,0,1,1,1,0,0.000291
budiyon40139424,0,3,3,0,1,1,1,0,0.000291
greg_wisanggeni,0,2,0,0,1,1,1,0,0.000291
gunawangiga,0,3,2,0,1,1,1,0,0.000291
pardo_aganis,1,0,0,0.001241,0,0,0,0,0.000499
inspectorslamet,0,3,3,0,1,1,1,0,0.000291
roudytoop,0,1,0,0,1,1,1,0,0.000291
waltersimbolon,0,2,2,0,1,1,1,0,0.000291
satpolpp_jateng,1,1,51,0.000721,0,0,0,0,0.000291
btungka1997,0,3,2,0,1,1,1,0,0.000291
anakke_mamake,0,2,0,0,1,1,1,0,0.000291
psdaseluna,0,1,52,0,1,1,1,0,0.000291
dpusdatarujtg,2,0,52,0.001348,0,0,0,0,0.000786
candrabuanamd,0,2,2,0,1,1,1,0,0.000291
cocoteradiator,0,2,0,0,1,1,1,0,0.000291
andersontampu18,2,0,37,0.002132,0,0,0,0,0.000418
alifaltama,1,0,37,0.001019,0,0,0,0,0.000337
sersanqomar,1,2,2,0.000674,1,1,1,0,0.000326
r_soentana,0,7,2,0,1,1,1,0,0.000291
ce_uneh,0,2,0,0,1,1,1,0,0.000291
yani03495310,0,2,0,0,3,0.571429,0.708333,0,0.000291
zwoviculozir6ro,0,2,0,0,1,1,1,0,0.000291
abraham45905062,0,2,45,0,1,1,1,0,0.000291
mawarsolitaire,0,2,0,0,1,1,1,0,0.000291
myrazra,0,2,0,0,1,1,1,0,0.000291
provjateng,0,2,0,0,1,1,1,0,0.000291
humasjateng,1,0,0,0.000674,0,0,0,0,0.000415
yantosudi8,0,1,0,0,1,1,1,0,0.000291
kampakdeny,0,1,0,0,1,1,1,0,0.000291
enachasa,0,3,3,0,1,1,1,0,0.000291
brandaltimeline,0,3,8,0,1,1,1,0,0.000291
keddeva11,0,1,3,0,1,1,1,0,0.000291
mbokayu__,0,2,0,0,2,0.666667,0.75,0,0.000291
bams_1eng,4,3,0,0.002837,1,1,1,6.166667,0.000643
mazzhoe,0,2,0,0,1,1,1,0,0.000291
jr_kw20,2,0,0,0.001348,0,0,0,0,0.000476
ossykura,0,1,0,0,1,1,1,0,0.000291
sheeren80972567,0,3,3,0,1,1,1,0,0.000291
antbit88,0,2,2,0,1,1,1,0,0.000291
srihary09020348,0,2,12,0,2,0.75,0.833333,0,0.000291
lfiansyahh,0,2,2,0,1,1,1,0,0.000291
rachmantofaisal,0,3,3,0,1,1,1,0,0.000291
nkrijayalah,0,4,0,0,5,0.329412,0.419048,0,0.000291
ardi_1369,0,3,3,0,1,1,1,0,0.000291
samann_e,0,2,2,0,1,1,1,0,0.000291
andri_cahya,0,2,2,0,1,1,1,0,0.000291
bule_dicky,0,1,3,0,1,1,1,0,0.000291
d_gethor,0,2,2,0,1,1,1,0,0.000291
rachmath37,0,3,3,0,1,1,1,0,0.000291
asep_suryawan,0,2,0,0,1,1,1,0,0.000291
mjaya2007,0,5,0,0,2,0.857143,0.916667,0,0.000291
krmt_notoaksoro,0,3,0,0,2,0.636364,0.714286,0,0.000291
__wantankri,8,2,0,0.007034,1,1,1,49.166667,0.002394
cahbagus79,0,3,2,0,1,1,1,0,0.000291
ali_berka,0,2,2,0,1,1,1,0,0.000291
veri10503836,0,1,0,0,1,1,1,0,0.000291
de_asfa,0,3,31,0,1,1,1,0,0.000291
syaiful69445144,0,4,2,0,1,1,1,0,0.000291
firmandari,0,2,2,0,1,1,1,0,0.000291
sudahbapakbapak,0,2,2,0,1,1,1,0,0.000291
notahitam,0,2,2,0,1,1,1,0,0.000291
triyanto479,0,3,3,0,1,1,1,0,0.000291
yahya691030,0,3,31,0,1,1,1,0,0.000291
ndracuuk,0,2,2,0,1,1,1,0,0.000291
13herdianto,0,2,2,0,1,1,1,0,0.000291
paulus_willy,0,3,0,0,1,1,1,0,0.000291
jentiana2,11,1,0,0.009667,0,0,0,0,0.003146
aderabesari,0,2,2,0,1,1,1,0,0.000291
onobangun,0,2,2,0,1,1,1,0,0.000291
agusatriawibawa,0,2,2,0,1,1,1,0,0.000291
t1mmys1antur1,0,3,18,0,2,0.714286,0.8,0,0.000291
dawanputu,0,4,3,0,1,1,1,0,0.000291
crushhopeless1,0,3,3,0,1,1,1,0,0.000291
01negeriku,0,2,3,0,1,1,1,0,0.000291
adikarim3,0,15,0,0,2,0.941176,0.96875,0,0.000291
cahtewe,1,0,0,0.000674,0,0,0,0,0.000307
saposikompak,1,0,0,0.000674,0,0,0,0,0.000307
partaigolkar,1,0,0,0.000674,0,0,0,0,0.000307
renato_rere2,1,0,0,0.000674,0,0,0,0,0.000307
yoesoef_kp,1,0,0,0.000674,0,0,0,0,0.000307
ayoo_berlibur,0,2,2,0,1,1,1,0,0.000291
masanjas,0,2,2,0,1,1,1,0,0.000291
captain12455421,0,2,2,0,1,1,1,0,0.000291
agusmulyanto69,0,2,2,0,1,1,1,0,0.000291
bunga_mek4r,0,3,2,0,1,1,1,0,0.000291
mosthafavi,0,2,0,0,1,1,1,0,0.000291
gibran_tweet,67,1,0,0.045305,1,1,1,0,0.008408
republikambyar,0,5,0,0,1,1,1,0,0.000291
junaidiesaad,0,3,3,0,1,1,1,0,0.000291
anwarmustafa,0,2,2,0,1,1,1,0,0.000291
kardosony,0,1,18,0,5,0.306818,0.351235,0,0.000291
ekotrisnowibowo,0,3,2,0,1,1,1,0,0.000291
zhie_04_namaku,0,2,2,0,1,1,1,0,0.000291
indonesiaguyub,0,2,18,0,1,1,1,0,0.000291
ikh_mart,0,2,0,0,1,1,1,0,0.000291
roosfeary,0,2,0,0,1,1,1,0,0.000291
aliflapasere,0,2,10,0,1,1,1,0,0.000291
othexbae08,0,2,0,0,1,1,1,0,0.000291
ribwahyudi,0,2,2,0,1,1,1,0,0.000291
sayidab35851140,0,3,3,0,1,1,1,0,0.000291
tigorpras,0,2,0,0,1,1,1,0,0.000291
romeowalker19,0,2,0,0,1,1,1,0,0.000291
kurniawanricho,0,2,0,0,1,1,1,0,0.000291
setasatrio,0,2,0,0,1,1,1,0,0.000291
putragaruda27,0,2,0,0,1,1,1,0,0.000291
soepriy_,0,2,0,0,1,1,1,0,0.000291
dnelz,0,2,2,0,1,1,1,0,0.000291
adiraha_31,0,2,0,0,1,1,1,0,0.000291
andreas_adym,0,2,0,0,1,1,1,0,0.000291
amirdwi13,0,3,0,0,1,1,1,0,0.000291
ryawiedy,2,0,34,0.001348,0,0,0,0,0.000389
mistercrab18,0,2,0,0,1,1,1,0,0.000291
aprimaristi,0,2,0,0,1,1,1,0,0.000291
xjahez,0,2,0,0,1,1,1,0,0.000291
deni_indrawan45,0,2,0,0,1,1,1,0,0.000291
bejo_minulyo,0,1,0,0,1,1,1,0,0.000291
markadina88,0,2,0,0,1,1,1,0,0.000291
frionolesung,0,2,0,0,1,1,1,0,0.000291
adetya_nr,0,2,0,0,1,1,1,0,0.000291
fegarif,0,2,0,0,1,1,1,0,0.000291
benoe_adja,0,2,0,0,1,1,1,0,0.000291
1stcitymedia,0,2,1,0,1,1,1,0,0.000291
eddy_rakhman,0,2,2,0,1,1,1,0,0.000291
moci2068,0,2,12,0,2,0.75,0.833333,0,0.000291
agrareynolds,0,3,2,0,1,1,1,0,0.000291
enerz,0,2,0,0,3,0.571429,0.708333,0,0.000291
dewylast,0,2,0,0,1,1,1,0,0.000291
maharannys,0,2,2,0,1,1,1,0,0.000291
asepcanden3,0,3,3,0,1,1,1,0,0.000291
wijiwilopo,0,2,2,0,1,1,1,0,0.000291
radjajuara,0,2,0,0,1,1,1,0,0.000291
mrbllgt01,0,3,3,0,1,1,1,0,0.000291
kurnialeiva1,0,2,0,0,1,1,1,0,0.000291
otoniwdub,0,4,10,0,1,1,1,0,0.000291
yuliyullie13,1,0,10,0.000674,0,0,0,0,0.000353
ibnusetyaa,0,1,0,0,1,1,1,0,0.000291
pegawainotospd,0,2,0,0,1,1,1,0,0.000291
newpalapa14,0,3,63,0,1,1,1,0,0.000291
cimbulpamungkas,0,2,0,0,1,1,1,0,0.000291
tuejo1,0,2,2,0,1,1,1,0,0.000291
dyviabaek,0,2,2,0,1,1,1,0,0.000291
ai_abdulazis,0,2,0,0,1,1,1,0,0.000291
santo_0207,0,2,12,0,2,0.75,0.833333,0,0.000291
ispapao,0,2,2,0,1,1,1,0,0.000291
kewalorenzo,0,2,0,0,1,1,1,0,0.000291
capcaygoreng26,0,3,10,0,1,1,1,0,0.000291
rid1izam,1,0,10,0.000674,0,0,0,0,0.000373
zarkasyi_kkyt,0,2,2,0,1,1,1,0,0.000291
kakak_pembina,0,2,2,0,1,1,1,0,0.000291
bpsdaprobolo,0,1,52,0,1,1,1,0,0.000291
antonedan4,0,3,2,0,1,1,1,0,0.000291
mulyono379,0,3,3,0,1,1,1,0,0.000291
tuamajohn,0,2,2,0,1,1,1,0,0.000291
bang_jaggo,0,3,2,0,1,1,1,0,0.000291
cidromulu,1,2,0,0.000674,1,1,1,0,0.000373
yu_tinuk,0,3,0,0,1,1,1,0,0.000291
masbrodarmono,0,3,3,0,1,1,1,0,0.000291
pututpranoto1,0,2,0,0,1,1,1,0,0.000291
axeltarachan,0,2,0,0,1,1,1,0,0.000291
putramarbau,0,2,53,0,1,1,1,0,0.000291
seleb_berita,1,0,53,0.000674,0,0,0,0,0.000415
sucidalam_debu,0,1,34,0,1,1,1,0,0.000291
nandabaskarani,6,1,34,0.004327,0,0,0,0,0.00111
pasukanlebah,0,2,10,0,1,1,1,0,0.000291
tledenk,1,1,3,0.000674,1,1,1,0,0.000353
abercio_wiwoho,0,4,3,0,1,1,1,0,0.000291
chandra31297946,0,2,2,0,1,1,1,0,0.000291
ajisakatara,0,1,34,0,1,1,1,0,0.000291
dolleynw,0,2,2,0,1,1,1,0,0.000291
izadell_,0,2,0,0,1,1,1,0,0.000291
harilambertus,0,2,1,0,1,1,1,0,0.000291
mafsaragih1,0,2,2,0,1,1,1,0,0.000291
teloris212,0,2,0,0,3,0.571429,0.708333,0,0.000291
m4t4merah,0,2,2,0,1,1,1,0,0.000291
ilusyvhan,0,2,2,0,1,1,1,0,0.000291
kanjenge5,0,2,0,0,1,1,1,0,0.000291
nasiruddin2693,0,2,2,0,1,1,1,0,0.000291
dh4n1el33,0,3,10,0,1,1,1,0,0.000291
nurchan93995658,0,8,37,0,4,0.406977,0.519048,0,0.000291
haryohary,0,5,10,0,1,1,1,0,0.000291
fxkhtx,0,2,39,0,1,1,1,0,0.000291
bambangasuryo,0,2,0,0,1,1,1,0,0.000291
navygaming9,1,4,0,0.000767,3,0.555556,0.666667,2,0.00036
valent_nico,0,2,0,0,1,1,1,0,0.000291
pkhutapea,0,1,18,0,5,0.306818,0.351235,0,0.000291
811_dens,0,3,3,0,1,1,1,0,0.000291
anfariz92,0,2,0,0,1,1,1,0,0.000291
hendrajulink,0,2,2,0,1,1,1,0,0.000291
jazzy867,0,2,0,0,1,1,1,0,0.000291
nasirperi,0,2,2,0,1,1,1,0,0.000291
hadysanjaya07,0,4,54,0,1,1,1,0,0.000291
carnagee_symbt,1,0,54,0.000674,0,0,0,0,0.000353
asfyn_,1,0,54,0.000674,0,0,0,0,0.000353
aw_martinus,0,2,2,0,1,1,1,0,0.000291
indiro16,0,3,63,0,1,1,1,0,0.000291
yulhardi2,0,4,2,0,1,1,1,0,0.000291
anggadwipeaaa,0,2,0,0,1,1,1,0,0.000291
kyudddgerl_,0,1,0,0,1,1,1,0,0.000291
quirinorayyan,0,2,2,0,1,1,1,0,0.000291
mielkyadwi,0,2,0,0,1,1,1,0,0.000291
jiwengperwira,0,2,2,0,1,1,1,0,0.000291
jampe_harupatt,0,2,2,0,1,1,1,0,0.000291
dartiedartie1,0,9,63,0,1,1,1,0,0.000291
khofifahip,1,0,63,0.000674,0,0,0,0,0.000318
cakiminow,1,0,63,0.000674,0,0,0,0,0.000318
prabowo,1,0,63,0.000674,0,0,0,0,0.000318
agusyudhoyono,2,0,63,0.001348,0,0,0,0,0.000349
bumnbersatu,2,0,63,0.001348,0,0,0,0,0.000349
aryts,0,2,2,0,1,1,1,0,0.000291
qwertyrm,0,2,2,0,1,1,1,0,0.000291
wilarmono,0,3,3,0,1,1,1,0,0.000291
bung_yad,0,3,0,0,1,1,1,0,0.000291
andylimsihaloho,0,2,2,0,1,1,1,0,0.000291
ady_wr,0,3,2,0,1,1,1,0,0.000291
latief_alvaro,0,3,3,0,1,1,1,0,0.000291
bambangwidian17,0,3,3,0,1,1,1,0,0.000291
herysuha,0,2,2,0,1,1,1,0,0.000291
azerlevifah,0,3,3,0,1,1,1,0,0.000291
dinditdondot,0,3,3,0,1,1,1,0,0.000291
ardi_if,0,1,3,0,1,1,1,0,0.000291
putragnkidul1,0,6,0,0,1,1,1,0,0.000291
siregar_elang,1,0,0,0.000674,0,0,0,0,0.000332
pewe30566690,0,2,2,0,1,1,1,0,0.000291
r_masaria,0,3,31,0,1,1,1,0,0.000291
artofpol,0,2,1,0,1,1,1,0,0.000291
berlin220,0,1,0,0,1,1,1,0,0.000291
jawir69,0,3,2,0,1,1,1,0,0.000291
komaromar2,1,0,2,0.000674,0,0,0,0,0.000373
sesmanamuchsin,0,2,2,0,1,1,1,0,0.000291
dwikyenggar,0,4,0,0,3,0.666667,0.805556,0,0.000291
fitradiosmg,1,6,55,0.000721,1,1,1,0,0.000291
idijawatengah,1,0,55,0.000721,0,0,0,0,0.000332
idi,1,0,55,0.000721,0,0,0,0,0.000332
puskesmasgenuk,1,0,55,0.000721,0,0,0,0,0.000332
pbidi,1,0,55,0.000721,0,0,0,0,0.000332
unair_official,1,0,55,0.000721,0,0,0,0,0.000332
dien_fakhrudin,0,2,0,0,3,0.571429,0.708333,0,0.000291
rizal_baba,0,3,3,0,1,1,1,0,0.000291
bagusoehendra,0,2,2,0,1,1,1,0,0.000291
igit_0403,0,2,0,0,1,1,1,0,0.000291
dadangs98272283,0,1,18,0,5,0.306818,0.351235,0,0.000291
greenforce2012,0,2,0,0,1,1,1,0,0.000291
rahmattiark,0,2,0,0,1,1,1,0,0.000291
rahmatu05405198,0,2,2,0,1,1,1,0,0.000291
ganjar_r1au,0,5,0,0,2,0.727273,0.8125,0,0.000291
chep_ec,0,6,3,0,1,1,1,0,0.000291
familyar2,1,3,3,0.000674,1,1,1,0,0.000332
riefgun69,0,3,3,0,1,1,1,0,0.000291
sarasasariksa,0,1,18,0,4,0.36,0.395062,0,0.000291
ngkongroses,0,3,18,0,2,0.714286,0.8,0,0.000291
eka_dutajaladri,2,4,18,0.001348,1,1,1,2,0.000409
djamsarimuhamm1,0,2,2,0,1,1,1,0,0.000291
rgrmanurip,0,2,0,0,1,1,1,0,0.000291
hakim_arief_,1,5,0,0.000721,1,1,1,1,0.000366
firzahusaininc,1,0,0,0.000721,0,0,0,0,0.000353
gwenkyute,0,16,34,0,5,0.412371,0.593333,0,0.000291
arindra__,1,0,34,0.000674,0,0,0,0,0.000306
onimeniq74,1,0,34,0.000674,0,0,0,0,0.000306
rinarahmanings1,1,0,34,0.000674,0,0,0,0,0.000306
shukoi100,0,4,2,0,1,1,1,0,0.000291
joni_pari,0,2,10,0,1,1,1,0,0.000291
44nggoro,0,2,2,0,1,1,1,0,0.000291
sitir27753727,0,3,0,0,1,1,1,0,0.000291
sarah_suhan,0,3,2,0,1,1,1,0,0.000291
parwatyrizky,0,5,0,0,2,0.777778,0.857143,0,0.000291
fhhary,0,3,2,0,1,1,1,0,0.000291
andi00583950,0,3,31,0,1,1,1,0,0.000291
wijaya_darko,0,3,16,0,1,1,1,0,0.000291
abdulfatich,0,3,2,0,1,1,1,0,0.000291
seentjong,0,2,0,0,1,1,1,0,0.000291
agungdwihan,0,1,0,0,1,1,1,0,0.000291
alitopa28501343,0,1,0,0,1,1,1,0,0.000291
sutanyola,0,4,0,0,2,0.7,0.785714,0,0.000291
yosef7053,0,3,2,0,1,1,1,0,0.000291
are_ampel77,0,2,0,0,1,1,1,0,0.000291
pujasharmaon,0,2,0,0,1,1,1,0,0.000291
sikkam9,0,3,3,0,1,1,1,0,0.000291
slamyhwa,0,3,3,0,1,1,1,0,0.000291
san_tosoo,0,4,2,0,1,1,1,0,0.000291
dwinoviantoro1,0,2,0,0,1,1,1,0,0.000291
devy215,1,5,56,0.000721,1,1,1,0,0.00035
partaipdip1,2,0,56,0.001442,0,0,0,0,0.00041
hudabdullah10,1,5,56,0.000721,1,1,1,0,0.00035
theoy12,0,2,0,0,1,1,1,0,0.000291
peleoctavianus,0,2,2,0,1,1,1,0,0.000291
nongnayara,3,6,0,0.00221,1,1,1,6,0.000486
zaenal28482850,0,2,2,0,1,1,1,0,0.000291
saandersleoboy,0,2,2,0,1,1,1,0,0.000291
buluslg,0,3,0,0,5,0.329545,0.404598,0,0.000291
ojo_ruwet,0,3,21,0,1,1,1,0,0.000291
galihr45,0,1,0,0,1,1,1,0,0.000291
adidans_,0,2,1,0,1,1,1,0,0.000291
imawaticeria,0,3,3,0,1,1,1,0,0.000291
andresese232,0,2,2,0,1,1,1,0,0.000291
gunnie24,0,2,0,0,1,1,1,0,0.000291
rmbantencom,1,1,57,0.000721,0,0,0,0,0.000291
yosswong,0,2,58,0,1,1,1,0,0.000291
1ndonesiaku_,1,0,58,0.000674,0,0,0,0,0.000415
eko_priharyanto,0,3,3,0,1,1,1,0,0.000291
adelia20181986,0,2,2,0,1,1,1,0,0.000291
dasurm,0,2,2,0,1,1,1,0,0.000291
dio_giant,0,2,2,0,1,1,1,0,0.000291
bincangsotoy,0,2,2,0,1,1,1,0,0.000291
masodi12345,0,2,2,0,1,1,1,0,0.000291
yayasoenaryaa_,0,3,2,0,1,1,1,0,0.000291
sawir_74,0,3,18,0,1,1,1,0,0.000291
wisnusos,0,2,2,0,1,1,1,0,0.000291
eka_manru,0,1,3,0,1,1,1,0,0.000291
sumi87089523,0,2,2,0,1,1,1,0,0.000291
ardhidwirari,0,3,3,0,1,1,1,0,0.000291
cane_sarwoagara,0,2,10,0,1,1,1,0,0.000291
hardiana19,0,2,2,0,1,1,1,0,0.000291
hendrisitompoel,0,2,10,0,1,1,1,0,0.000291
juventi94862787,0,1,0,0,1,1,1,0,0.000291
my_amoxilyn,0,2,2,0,1,1,1,0,0.000291
robbyframe,0,3,3,0,1,1,1,0,0.000291
doniterpedo,0,3,8,0,1,1,1,0,0.000291
khoir_lfc,0,6,31,0,1,1,1,0,0.000291
ugantiang,1,0,31,0.000674,0,0,0,0,0.000332
fajarassidiq14,0,2,2,0,1,1,1,0,0.000291
firzahusainid,2,0,0,0.001442,0,0,0,0,0.000428
ajengcute16__,1,4,0,0.000721,2,0.833333,0.9,0,0.000353
firzahusain,2,0,0,0.001442,0,0,0,0,0.000428
purapuraninja14,0,3,3,0,1,1,1,0,0.000291
chepoy_asep,0,3,3,0,1,1,1,0,0.000291
andianwar75,0,3,0,0,3,0.625,0.766667,0,0.000291
bang_baskara,0,2,2,0,1,1,1,0,0.000291
salamdaritadi1,0,2,2,0,1,1,1,0,0.000291
rini63564653,0,3,3,0,1,1,1,0,0.000291
doels99,0,2,0,0,3,0.571429,0.708333,0,0.000291
va_imenahg,0,3,3,0,1,1,1,0,0.000291
tpalimo,0,3,3,0,1,1,1,0,0.000291
cokro_ks,0,2,46,0,1,1,1,0,0.000291
dukung_ganjar,1,1,59,0.000721,0,0,0,0,0.000291
hawe75,0,2,0,0,1,1,1,0,0.000291
black13side,0,3,3,0,1,1,1,0,0.000291
edhi_shi,0,4,60,0,1,1,1,0,0.000291
aewin86,1,0,60,0.000674,0,0,0,0,0.000353
kokokdirgantoro,1,0,60,0.000674,0,0,0,0,0.000353
ach_faizal,1,3,3,0.000674,1,1,1,0,0.000353
ridwan1924,0,4,3,0,1,1,1,0,0.000291
arfanadib3,0,3,3,0,1,1,1,0,0.000291
s66202353,0,2,2,0,1,1,1,0,0.000291
bhuanabhayu,0,6,2,0,4,0.387097,0.476852,0,0.000291
zaky_azkary,1,0,2,0.000674,0,0,0,0,0.000332
marwan_tanjung6,2,3,2,0.001872,2,0.6,0.666667,3,0.000461
marcelinincek,0,2,2,0,1,1,1,0,0.000291
khalifah1908,0,2,2,0,1,1,1,0,0.000291
moshpito,0,2,2,0,1,1,1,0,0.000291
pawangbanteng,0,2,2,0,1,1,1,0,0.000291
syaipullohipul1,0,2,2,0,1,1,1,0,0.000291
itzd_2,0,2,2,0,1,1,1,0,0.000291
maz_yp,0,2,2,0,1,1,1,0,0.000291
bambangmanuk,0,1,0,0,1,1,1,0,0.000291
htrubuzz,0,3,3,0,1,1,1,0,0.000291
sigitpr68047069,0,2,2,0,1,1,1,0,0.000291
senikahirupan,0,4,2,0,1,1,1,0,0.000291
sahabatganjar,1,0,18,0.001888,0,0,0,0,0.000621
dian_safitri_id,0,3,0,0,3,0.625,0.766667,0,0.000291
syayidilumroh1,0,3,61,0,1,1,1,0,0.000291
pemudapancasila,1,0,61,0.000674,0,0,0,0,0.000373
pp_jateng,1,0,61,0.000674,0,0,0,0,0.000373
padmavatiprati1,1,0,61,0.000674,0,0,0,0,0.000373
fadlynajib,0,3,33,0,2,0.714286,0.8,0,0.000291
muhamma11603545,0,2,2,0,1,1,1,0,0.000291
ddd33678334,0,3,3,0,1,1,1,0,0.000291
vastradiant,0,2,2,0,1,1,1,0,0.000291
saungganjar,1,1,62,0.000721,0,0,0,0,0.000291
ranu100876,0,2,10,0,1,1,1,0,0.000291
yd_silalahi,0,2,2,0,1,1,1,0,0.000291
muqomsita,0,2,0,0,1,1,1,0,0.000291
oephe,0,2,2,0,1,1,1,0,0.000291
endankdoank7,0,2,0,0,1,1,1,0,0.000291
ridngemil,0,1,3,0,1,1,1,0,0.000291
nasiayammekdi,0,2,2,0,1,1,1,0,0.000291
boss40199095,0,8,63,0,1,1,1,0,0.000291
budimandjatmiko,1,0,63,0.000674,0,0,0,0,0.000322
love_ag4ever__,1,0,63,0.000674,0,0,0,0,0.000322
jebuelmania900,0,4,2,0,2,0.625,0.7,0,0.000291
adhie_smrdjie,0,2,0,0,1,1,1,0,0.000291
_hompimpha,0,3,46,0,1,1,1,0,0.000291
selow212,0,2,0,0,1,1,1,0,0.000291
plur06824737,0,9,0,0,1,1,1,0,0.000291
pemkabkebumen,1,0,0,0.000674,0,0,0,0,0.000318
spolreskebumen,1,0,0,0.000674,0,0,0,0,0.000318
poldajateng_,1,0,0,0.000674,0,0,0,0,0.000318
listyosigitp,1,0,0,0.000674,0,0,0,0,0.000318
mohmahfudmd,1,0,0,0.000674,0,0,0,0,0.000318
romirismawan,0,2,0,0,1,1,1,0,0.000291
b3doel___,0,1,18,0,5,0.306818,0.351235,0,0.000291
rizani221112,0,3,3,0,1,1,1,0,0.000291
teeya_cutez,0,2,0,0,1,1,1,0,0.000291
ujang_yahya,0,3,3,0,1,1,1,0,0.000291
sonny55056945,0,2,2,0,1,1,1,0,0.000291
moz_es,0,2,2,0,1,1,1,0,0.000291
adrianpili1409,0,1,3,0,1,1,1,0,0.000291
iip_tgr,0,2,10,0,1,1,1,0,0.000291
samdiken911,0,2,2,0,1,1,1,0,0.000291
nabilaar__,0,1,18,0,5,0.306818,0.351235,0,0.000291
mulyaditubagus,0,3,3,0,1,1,1,0,0.000291
yayudiana1,0,2,2,0,1,1,1,0,0.000291
ayam_sakitt,0,2,2,0,1,1,1,0,0.000291
rudiroshady,0,2,2,0,1,1,1,0,0.000291
ngurahandy,0,2,0,0,1,1,1,0,0.000291
ririsnr10,0,2,2,0,1,1,1,0,0.000291
sianturidoel,1,3,0,0.000721,1,1,1,0,0.000291
sendysuwanto,0,3,0,0,2,0.8,0.875,0,0.000291
bertasurabaya,1,9,18,0.00083,4,0.52,0.63141,0,0.00032
farrel27,7,1,18,0.005161,1,1,1,0.333333,0.000632
d_n4bil5,3,12,18,0.002291,4,0.553191,0.689103,34.333333,0.000378
delardian_,3,13,18,0.002658,4,0.577778,0.714744,178.333333,0.00045
sahabatganjarid,4,0,18,0.003489,0,0,0,0,0.00048
aunb132,0,2,0,0,1,1,1,0,0.000291
hariwij99551647,0,3,2,0,1,1,1,0,0.000291
ekosusilonugro1,1,0,2,0.000674,0,0,0,0,0.000373
sam_nadie,0,2,2,0,1,1,1,0,0.000291
syueb2011,0,1,0,0,1,1,1,0,0.000291
ilhambale11,0,2,2,0,1,1,1,0,0.000291
dr_anggapk,0,2,2,0,1,1,1,0,0.000291
gelang_alit2,0,4,0,0,1,1,1,0,0.000291
rus133322,0,1,3,0,1,1,1,0,0.000291
m_nurmansyah07,0,3,31,0,1,1,1,0,0.000291
faezamuhamad,0,2,2,0,1,1,1,0,0.000291
abdulla3new,0,2,2,0,1,1,1,0,0.000291
fadhillahhans,0,3,3,0,1,1,1,0,0.000291
kirarachelsea,0,3,18,0,1,1,1,0,0.000291
hardithanoes,0,2,2,0,1,1,1,0,0.000291
godham5,0,2,0,0,3,0.571429,0.708333,0,0.000291
basmikadrun,1,2,0,0.000674,1,1,1,0,0.000373
ndan4_0,0,3,0,0,1,1,1,0,0.000291
sologunardi,0,1,0,0,1,1,1,0,0.000291
heripurwanto26,0,2,2,0,1,1,1,0,0.000291
heryawan_g,0,1,34,0,1,1,1,0,0.000291
adi_hwang,0,2,2,0,1,1,1,0,0.000291
satriya1158,0,1,3,0,1,1,1,0,0.000291
1selalusetia,0,1,3,0,1,1,1,0,0.000291
aik_deathripper,0,3,2,0,1,1,1,0,0.000291
negarapasundan,0,3,0,0,1,1,1,0,0.000291
dewi_pagmniss,0,2,2,0,1,1,1,0,0.000291
budihidayat20,0,4,3,0,1,1,1,0,0.000291
dionscumbag,0,2,1,0,1,1,1,0,0.000291
naff___12,0,2,0,0,1,1,1,0,0.000291
khalif_ah,0,4,0,0,1,1,1,0,0.000291
3hakuna_matata7,0,2,0,0,1,1,1,0,0.000291
agbudisan,0,2,2,0,1,1,1,0,0.000291
mustafenerba,0,2,2,0,1,1,1,0,0.000291
ox_oktoberwin2x,0,2,0,0,1,1,1,0,0.000291
rk_sumenep,1,1,64,0.000721,0,0,0,0,0.000291
hmydarman,0,3,31,0,1,1,1,0,0.000291
naufalylyn,0,3,2,0,1,1,1,0,0.000291
txtdarigajelas,1,0,2,0.000674,0,0,0,0,0.000373
beni28920652,0,1,0,0,1,1,1,0,0.000291
sultana72872775,0,2,0,0,1,1,1,0,0.000291
ibrahim24831326,0,2,0,0,1,1,1,0,0.000291
wesly_arfan,0,2,2,0,1,1,1,0,0.000291
ndraste,0,2,2,0,1,1,1,0,0.000291
artbenjezz,0,3,0,0,2,0.8,0.875,0,0.000291
supraward,0,3,0,0,5,0.321429,0.397531,0,0.000291
ali_supyan,0,2,10,0,1,1,1,0,0.000291
rustilowati,0,2,2,0,1,1,1,0,0.000291
deddy_isuzu,0,2,2,0,1,1,1,0,0.000291
ahmadnovrizal_,0,2,2,0,1,1,1,0,0.000291
mxrozaq,0,2,0,0,1,1,1,0,0.000291
gio_tlp,0,2,0,0,1,1,1,0,0.000291
muhammad_saqimi,0,2,2,0,1,1,1,0,0.000291
ahmadmuhtar_98,0,3,65,0,1,1,1,0,0.000291
bospurwa,1,0,65,0.000674,0,0,0,0,0.000373
anduzarduri05,1,0,65,0.000674,0,0,0,0,0.000373
fbe3673c25c342d,0,3,3,0,1,1,1,0,0.000291
midomilado,0,3,37,0,5,0.29661,0.364762,0,0.000291
osoekaryo,0,3,8,0,1,1,1,0,0.000291
moenahafsah,0,3,21,0,1,1,1,0,0.000291
agusthabebek,0,2,0,0,1,1,1,0,0.000291
piusarrrddd,0,2,2,0,1,1,1,0,0.000291
jokoscool,0,2,1,0,1,1,1,0,0.000291
taracynthiapra,0,2,0,0,1,1,1,0,0.000291
cebongbonyok,0,2,2,0,1,1,1,0,0.000291
dianviania,0,2,0,0,1,1,1,0,0.000291
ceha_anwar,0,1,3,0,1,1,1,0,0.000291
budisiswa01,0,2,0,0,1,1,1,0,0.000291
gerinisk2,0,2,0,0,3,0.571429,0.708333,0,0.000291
ibelladp,0,2,0,0,1,1,1,0,0.000291
aghendarto,0,3,3,0,1,1,1,0,0.000291
nawairianto,0,2,0,0,1,1,1,0,0.000291
dasillva_tiger,0,1,0,0,1,1,1,0,0.000291
joyfulloflife1,0,2,2,0,1,1,1,0,0.000291
aariesgutl,0,3,2,0,1,1,1,0,0.000291
sastrojoyo1,0,2,66,0,1,1,1,0,0.000291
maman1965,1,0,66,0.000674,0,0,0,0,0.000415
rosidiazalea,0,2,2,0,1,1,1,0,0.000291
son_dbrv,0,2,0,0,1,1,1,0,0.000291
dhira6dhira,0,2,2,0,1,1,1,0,0.000291
fashioniin,1,3,2,0.000674,1,1,1,0,0.000353
sibotsky,0,4,2,0,1,1,1,0,0.000291
jufrilaw,0,2,0,0,1,1,1,0,0.000291
yasin_paratama,1,3,2,0.000721,1,1,1,0,0.000406
dianprabantoro,1,3,2,0.000721,1,1,1,0,0.000406
creativetmy,0,2,0,0,1,1,1,0,0.000291
shinokawa007,0,2,0,0,1,1,1,0,0.000291
roydealova,0,3,3,0,1,1,1,0,0.000291
limbuibui4,0,2,0,0,1,1,1,0,0.000291
shandy_rider90,0,2,0,0,1,1,1,0,0.000291
nezuko1984,0,2,1,0,1,1,1,0,0.000291
therealsysgate,0,3,3,0,1,1,1,0,0.000291
idrusmoch1,0,2,0,0,1,1,1,0,0.000291
penangsang02,1,3,2,0.001198,2,0.6,0.666667,0,0.00042
beruang_puttih,1,3,2,0.001198,2,0.6,0.666667,0,0.00042
basadotrans,1,3,2,0.001198,2,0.6,0.666667,0,0.00042
amutoh4r,1,3,2,0.001198,2,0.6,0.666667,0,0.00042
obrolsanasini,1,4,2,0.001198,2,0.642857,0.722222,0,0.00042
sasonwilianto,0,3,10,0,1,1,1,0,0.000291
fagtng,1,2,0,0.000674,1,1,1,1,0.000415
putra_bangsa81,0,2,0,0,2,0.75,0.833333,0,0.000291
jhonmorena1,0,3,3,0,1,1,1,0,0.000291
marlins_samarta,0,2,0,0,1,1,1,0,0.000291
jembzcoeey,1,3,18,0.000674,5,0.321429,0.397531,25,0.000353
mira_sasmiita,0,4,18,0,6,0.261261,0.353448,0,0.000291
willona_007,3,2,18,0.002022,1,1,1,0,0.000438
pak_timbul,0,2,0,0,1,1,1,0,0.000291
didik_bung,3,4,0,0.00221,2,0.75,0.833333,0,0.000457
kimberley_2022,1,5,0,0.000674,2,0.777778,0.857143,0,0.000332
lupa_janji,0,6,0,0,2,0.8,0.875,0,0.000291
ari_nurcahyanto,0,2,0,0,1,1,1,0,0.000291
herohero_82,2,6,37,0.001895,5,0.311927,0.42451,0,0.000433
dadungkawuk41,2,6,37,0.001895,5,0.311927,0.42451,0,0.000433
1febri,0,3,0,0,1,1,1,0,0.000291
iluvatar188,0,4,10,0,1,1,1,0,0.000291
haji_putin,1,0,10,0.000674,0,0,0,0,0.000353
tio_tmg,0,2,18,0,5,0.317647,0.379012,0,0.000291
dy04343703,1,4,10,0.000721,1,1,1,0,0.000369
alves_ag88,1,4,10,0.000721,1,1,1,0,0.000369
khojan7,0,3,2,0,1,1,1,0,0.000291
antoniuscdn,0,7,18,0,3,0.75,0.87037,0,0.000291
cyber_entrance,0,3,3,0,1,1,1,0,0.000291
ifanzea,0,2,2,0,1,1,1,0,0.000291
jangkriklampung,0,2,2,0,1,1,1,0,0.000291
bj0rkanisme,0,2,2,0,1,1,1,0,0.000291
def1only,1,6,0,0.000721,1,1,1,0,0.000291
garudawisnu11,1,0,0,0.000721,0,0,0,0,0.000332
tutde16533782,0,2,10,0,1,1,1,0,0.000291
atisumarno,0,2,2,0,1,1,1,0,0.000291
hensuaja,0,2,0,0,1,1,1,0,0.000291
marv3lll,0,5,18,0,1,1,1,0,0.000291
fpixiel21,0,2,2,0,1,1,1,0,0.000291
johan46650559,1,12,18,0.001197,3,0.619048,0.717949,134,0.000392
sumbar_ss78,0,2,2,0,1,1,1,0,0.000291
komarudin_ans,0,2,2,0,1,1,1,0,0.000291
harrybuana,0,2,2,0,1,1,1,0,0.000291
