Id,indegree,outdegree,Eccentricity,closnesscentrality,harmonicclosnesscentrality,betweenesscentrality,modularity_class,pageranks,eigencentrality
dawiguna,0,2,1,1,1,0,1,0.00018,0
puanmaharani_ri,926,1,0,0,0,0,0,0.08935,1
chusnulch__,144,0,0,0,0,0,1,0.010385,0.133732
cucu_kenarok99,0,2,1,1,1,0,1,0.00018,0
gino818,0,2,1,1,1,0,0,0.00018,0
muchsin_dwi,1,0,0,0,0,0,0,0.000258,0.000913
koabuy321,0,9,4,0.515152,0.691176,0,3,0.00018,0
farrel27,4,0,0,0,0,0,3,0.000249,0.003654
d_n4bil5,5,2,3,0.526316,0.583333,32,3,0.000284,0.005073
delardian_,4,0,0,0,0,0,3,0.000249,0.003654
urrangawak,4,0,0,0,0,0,3,0.000249,0.003654
03__nakula,4,0,0,0,0,0,3,0.000249,0.003654
ganjarpranowo,108,0,0,0,0,0,3,0.005093,0.102229
aryprasetyo85,12,0,0,0,0,0,3,0.000726,0.010961
khairulafif25,0,1,1,1,1,0,0,0.00018,0
nadhif_vaa,0,2,1,1,1,0,1,0.00018,0
djafartamtama,0,2,1,1,1,0,1,0.00018,0
prodbygopin,0,1,1,1,1,0,0,0.00018,0
jpaise,0,2,2,0.538462,0.571429,0,0,0.00018,0
kakakeyo,20,13,1,1,1,236,0,0.002744,0.020912
alfian_ilzam,0,1,1,1,1,0,0,0.00018,0
cryptoholderrrr,0,1,1,1,1,0,0,0.00018,0
harisdjauhari,0,2,1,1,1,0,1,0.00018,0
lizalarilari,0,3,1,1,1,0,2,0.00018,0
pai_c1ab,13,0,0,0,0,0,2,0.000912,0.011875
simbokesarah,5,0,0,0,0,0,2,0.000412,0.004567
nofandi15,0,1,1,1,1,0,0,0.00018,0
d4d4nglh,0,5,1,1,1,0,0,0.00018,0
puannews,2,2,1,1,1,0,0,0.000211,0.002016
pdi_perjuangan,87,0,0,0,0,0,3,0.004318,0.08202
putri_aalona,3,0,0,0,0,0,3,0.000314,0.00274
randuwatangan,0,2,1,1,1,0,3,0.00018,0
puanmahara,2,0,0,0,0,0,3,0.000335,0.001827
n4byl5,0,5,3,0.611111,0.712121,0,0,0.00018,0
def1only,5,10,2,0.909091,0.95,52,0,0.000411,0.005772
jokowi,99,0,0,0,0,0,4,0.006062,0.113284
petromaks21,0,2,1,1,1,0,1,0.00018,0
_anotha1,0,1,1,1,1,0,5,0.00018,0
riyadioyad,1,0,0,0,0,0,5,0.000335,0.000913
sultan00674771,0,4,1,1,1,0,1,0.00018,0
bantalantidungu,1,0,0,0,0,0,1,0.000219,0.000913
dimasajuansyah,1,0,0,0,0,0,1,0.000219,0.000913
biusmalam,0,2,1,1,1,0,47,0.00018,0
prabowo,15,0,0,0,0,0,4,0.000618,0.014789
mohmahfudmd,11,0,0,0,0,0,47,0.000598,0.010142
lttldrkness,1,2,1,1,1,0,0,0.000317,0.001008
wisnumrb_,1,2,1,1,1,0,0,0.000317,0.001008
bug9991,0,1,1,1,1,0,0,0.00018,0
idris56850511,0,1,1,1,1,0,0,0.00018,0
vkvrly,0,2,1,1,1,0,0,0.00018,0
duniakuli,3,0,0,0,0,0,0,0.000386,0.00274
6666irfan,0,6,1,1,1,0,13,0.00018,0
renatalevel42,1,0,0,0,0,0,13,0.000206,0.000913
frank21blue,1,0,0,0,0,0,13,0.000206,0.000913
budimandjatmiko,4,0,0,0,0,0,13,0.000308,0.003654
66hasto,3,0,0,0,0,0,13,0.000264,0.00274
robbitooo,0,2,1,1,1,0,2,0.00018,0
eyeofjust,0,2,2,0.538462,0.571429,0,0,0.00018,0
adekoedin,0,3,2,0.56,0.607143,0,0,0.00018,0
estersusiani2,2,2,2,0.541667,0.576923,0,0,0.000412,0.003733
zeinvey,0,2,1,1,1,0,1,0.00018,0
perantaubahagia,0,4,1,1,1,0,3,0.00018,0
jokoci,1,0,0,0,0,0,3,0.000219,0.000913
123carvelo,0,2,1,1,1,0,1,0.00018,0
esatria301,0,5,2,0.6,0.666667,0,3,0.00018,0
listyosigitp,66,0,0,0,0,0,4,0.005047,0.082157
kejaksaanri,2,0,0,0,0,0,3,0.000228,0.001827
firlibahuri,4,0,0,0,0,0,3,0.000287,0.003744
kpk_ri,13,0,0,0,0,0,3,0.000553,0.011875
kaltimkarim,1,12,1,1,1,10,3,0.000211,0.000913
xdim999,0,3,1,1,1,0,3,0.00018,0
zaryabelange,1,0,0,0,0,0,3,0.000232,0.000913
aniesbaswedan,15,0,0,0,0,0,3,0.000917,0.014259
rudianwar6,0,2,1,1,1,0,0,0.00018,0
silverston13,0,1,1,1,1,0,0,0.00018,0
bale_dempo,0,2,1,1,1,0,1,0.00018,0
bantengmualaf,0,2,1,1,1,0,1,0.00018,0
jhundrizal,0,1,1,1,1,0,0,0.00018,0
bacautas,1,1,3,0.365854,0.4,0,0,0.000309,0.001008
idey69881575,1,3,2,0.555556,0.6,14,0,0.000449,0.001008
pamor_suryadi,0,2,1,1,1,0,1,0.00018,0
hukumatikoruptr,0,2,1,1,1,0,1,0.00018,0
titisramanda,0,3,1,1,1,0,3,0.00018,0
ga,4,0,0,0,0,0,3,0.000386,0.003654
argotopia,0,1,1,1,1,0,0,0.00018,0
chydrrn,0,3,1,1,1,0,6,0.00018,0
komediretjeh,1,0,0,0,0,0,6,0.000232,0.000913
mielidiasin,1,0,0,0,0,0,6,0.000232,0.000913
mr_cosanostra,0,3,1,1,1,0,0,0.00018,0
gilangnaveed,1,0,0,0,0,0,0,0.000232,0.000913
gumilar86230032,1,0,0,0,0,0,0,0.000232,0.000913
pshurama,0,2,1,1,1,0,1,0.00018,0
aarift,0,2,1,1,1,0,0,0.00018,0
_bayusapta,1,0,0,0,0,0,0,0.000258,0.000913
gianvillac,0,2,1,1,1,0,0,0.00018,0
indahle00703625,2,1,1,1,1,0,0,0.00028,0.001827
muhsujarw4,0,1,1,1,1,0,0,0.00018,0
nadhiskies,1,3,1,1,1,0,7,0.000253,0.001008
convomf,2,0,0,0,0,0,7,0.000325,0.002016
ipv_rd,1,3,1,1,1,0,7,0.000253,0.001008
g336387,0,7,1,1,1,0,4,0.00018,0
joeliani79,2,0,0,0,0,0,4,0.000241,0.001827
f_fathur,2,0,0,0,0,0,4,0.000241,0.001827
goenahmad,4,4,1,1,1,2,4,0.00028,0.004031
bagusss60342745,0,2,1,1,1,0,0,0.00018,0
pdipsolid,1,0,0,0,0,0,0,0.000258,0.000913
bintangnickson,0,5,1,1,1,0,2,0.00018,0
fpdip_jakarta,1,0,0,0,0,0,2,0.000211,0.000913
yunartowijaya,9,0,0,0,0,0,12,0.000395,0.008944
selenepurple,0,3,1,1,1,0,3,0.00018,0
urnightmareboys,1,0,0,0,0,0,3,0.000232,0.000913
speedl0v3r,0,2,1,1,1,0,1,0.00018,0
yakannnd,0,1,1,1,1,0,0,0.00018,0
adherie_zs,0,8,1,1,1,0,4,0.00018,0
bambangsoesatyo,1,0,0,0,0,0,4,0.0002,0.000913
aimanwitjaksono,1,0,0,0,0,0,4,0.0002,0.000913
knpi_id,1,0,0,0,0,0,4,0.0002,0.000913
abu_waras,2,0,0,0,0,0,0,0.000277,0.001827
garudawisnu11,1,6,2,0.714286,0.8,8,0,0.000216,0.001419
ccicpolri,1,0,0,0,0,0,0,0.000211,0.001027
simplemamin,0,2,1,1,1,0,0,0.00018,0
kostumkomik,2,0,0,0,0,0,0,0.000309,0.001827
kosimatkasah,0,2,1,1,1,0,1,0.00018,0
kurakurabatu79,0,2,1,1,1,0,0,0.00018,0
pejuangpuan,134,1,1,1,1,0,8,0.0083,0.1224
girlsecret_0,0,3,1,1,1,0,8,0.00018,0
puangarislucu,84,1,1,1,1,1,8,0.004511,0.076728
wnovi671,0,1,1,1,1,0,0,0.00018,0
gindoduri,0,1,1,1,1,0,9,0.00018,0
naollivia,3,0,0,0,0,0,9,0.000644,0.00274
yunardi_pito,0,2,1,1,1,0,1,0.00018,0
penggunapergi,0,2,1,1,1,0,0,0.00018,0
karsono12732862,1,3,1,1,1,0,1,0.000253,0.001008
nembenetes,1,3,1,1,1,0,1,0.000253,0.001008
yuliez85,0,2,1,1,1,0,1,0.00018,0
maskhum1,0,3,1,1,1,0,1,0.00018,0
endriyanson,3,0,0,0,0,0,1,0.000301,0.00274
anaksungsang,0,4,1,1,1,0,2,0.00018,0
retnosetyow4t,1,0,0,0,0,0,2,0.000219,0.000913
halimmubarok6,0,3,1,1,1,0,8,0.00018,0
dha_marquez,0,3,1,1,1,0,8,0.00018,0
sudrun184598182,0,2,1,1,1,0,1,0.00018,0
edikemput,0,3,1,1,1,0,0,0.00018,0
siregar_najeges,1,0,0,0,0,0,0,0.000232,0.000913
mangdjanabdg,1,1,1,1,1,0,0,0.000232,0.000913
darauroraa,0,3,1,1,1,0,8,0.00018,0
nosferatu251177,0,1,1,1,1,0,0,0.00018,0
officialhas,0,2,1,1,1,0,1,0.00018,0
anthonnyrajagu1,0,2,1,1,1,0,1,0.00018,0
susantisyafa,0,2,1,1,1,0,4,0.00018,0
2smart4u4ever,0,2,1,1,1,0,1,0.00018,0
amayudiawan,1,1,0,0,0,0,10,0.00018,0.001008
kak_rafly,1,1,0,0,0,0,11,0.00018,0.001008
heri_rhp,0,1,1,1,1,0,0,0.00018,0
atmosferjahanam,0,2,1,1,1,0,1,0.00018,0
arjuna16sp,0,7,1,1,1,0,12,0.00018,0
situngkirtumpal,1,0,0,0,0,0,12,0.000202,0.000913
emhas,1,0,0,0,0,0,12,0.000202,0.000913
dikikur69671043,1,0,0,0,0,0,12,0.000202,0.000913
dpp_pkb,7,0,0,0,0,0,12,0.00039,0.006394
cakiminow,17,0,0,0,0,0,12,0.000639,0.016251
rizkyhsiregar82,3,0,0,0,0,0,12,0.00028,0.00274
sword_way,0,3,1,1,1,0,13,0.00018,0
kafiradikalis,1,0,0,0,0,0,13,0.000232,0.000913
gilangbrian14,0,2,1,1,1,0,0,0.00018,0
melaniesubono,1,0,0,0,0,0,0,0.000258,0.000913
ciplukan06,0,9,1,1,1,0,47,0.00018,0
matanajwa,1,0,0,0,0,0,47,0.000197,0.000913
tvonenews,1,0,0,0,0,0,47,0.000197,0.000913
an_kiiim,1,0,0,0,0,0,47,0.000197,0.000913
ky46w1,1,0,0,0,0,0,47,0.000197,0.000913
biroe_langite,1,0,0,0,0,0,47,0.000197,0.000913
cnnindonesia,2,0,0,0,0,0,47,0.000352,0.001827
victor887481741,0,2,1,1,1,0,2,0.00018,0
ariskurniaa14,0,1,1,1,1,0,0,0.00018,0
alfatiafajar,0,2,1,1,1,0,1,0.00018,0
torowanseno,0,2,1,1,1,0,2,0.00018,0
mabokjamban,0,1,1,1,1,0,0,0.00018,0
satriabrc,0,2,1,1,1,0,1,0.00018,0
swandana1,0,4,1,1,1,0,12,0.00018,0
hermanpanca07,1,4,4,0.421053,0.53125,0,1,0.000216,0.001003
laseapoyhbb,3,5,3,0.565217,0.666667,36,1,0.000294,0.002924
luckyludjainat1,3,0,0,0,0,0,1,0.000294,0.002924
mercedese320n,1,5,4,0.435897,0.558824,1,1,0.000211,0.000913
susy_hrpuspita,0,2,1,1,1,0,3,0.00018,0
fitrayanif,0,7,1,1,1,0,4,0.00018,0
luhut_binsar,1,0,0,0,0,0,4,0.000202,0.000913
coachaddie_off,1,0,0,0,0,0,4,0.000202,0.000913
sandiuno,4,0,0,0,0,0,4,0.000251,0.003654
erickthohir,4,0,0,0,0,0,4,0.000273,0.003838
kiyai_marufamin,3,0,0,0,0,0,0,0.000289,0.00283
genpi_co,1,1,0,0,0,0,14,0.00018,0.001008
sharpandsharkk,0,2,1,1,1,0,43,0.00018,0
kr1t1kp3d45_pro,3,0,0,0,0,0,43,0.000332,0.002929
sontojoko,0,2,1,1,1,0,1,0.00018,0
edogawa_syaef,0,2,1,1,1,0,1,0.00018,0
hary_viola,0,9,4,0.515152,0.691176,0,3,0.00018,0
bakoeldaun,0,2,1,1,1,0,1,0.00018,0
ray78f,0,3,1,1,1,0,4,0.00018,0
nicho_silalahi,1,0,0,0,0,0,4,0.000232,0.000913
gue_bukankadrun,0,3,1,1,1,0,15,0.00018,0
novividiant,1,0,0,0,0,0,15,0.000232,0.000913
n_fairus,1,0,0,0,0,0,15,0.000232,0.000913
hm_dermawanzain,0,2,1,1,1,0,4,0.00018,0
dpr_ri,11,0,0,0,0,0,4,0.000567,0.010317
agungjeni,0,2,1,1,1,0,16,0.00018,0
joehans05077820,11,0,0,0,0,0,16,0.00092,0.010048
wtfbhck,0,2,1,1,1,0,4,0.00018,0
divhumas_polri,3,0,0,0,0,0,4,0.000322,0.002835
pssi,61,0,0,0,0,0,4,0.005062,0.076584
purw73,0,2,1,1,1,0,1,0.00018,0
gombyor23,0,1,1,1,1,0,0,0.00018,0
taufiki70348691,0,3,1,1,1,0,0,0.00018,0
inho_la,1,0,0,0,0,0,0,0.000232,0.000913
fattireyz,1,0,0,0,0,0,0,0.000232,0.000913
zainala84393753,0,2,1,1,1,0,1,0.00018,0
loydearitonang,0,2,1,1,1,0,1,0.00018,0
ricoadam9,0,1,1,1,1,0,0,0.00018,0
undefeathuman,0,2,1,1,1,0,0,0.00018,0
nusantaranol,0,4,1,1,1,0,3,0.00018,0
nurul_ghufron,1,0,0,0,0,0,3,0.000219,0.000913
awing_mattammu,0,2,1,1,1,0,8,0.00018,0
rian__az,0,3,2,0.56,0.607143,0,0,0.00018,0
nusantara_one,2,2,2,0.541667,0.576923,0,0,0.000412,0.003733
daniesasmita,0,2,1,1,1,0,1,0.00018,0
ibswteam,1,1,0,0,0,0,17,0.00018,0.001008
jonieddy88,0,4,1,1,1,0,12,0.00018,0
htgpura,0,2,1,1,1,0,1,0.00018,0
wijayantogempar,0,3,1,1,1,0,3,0.00018,0
crbsira,1,0,0,0,0,0,3,0.000232,0.000913
bennywa98883674,0,2,1,1,1,0,16,0.00018,0
kopipantura,1,2,1,1,1,0,0,0.000317,0.001008
kangdickyajah,1,2,1,1,1,0,0,0.000317,0.001008
andyfian76,0,1,1,1,1,0,0,0.00018,0
titusthok,0,5,1,1,1,0,0,0.00018,0
akmalmarhali,1,0,0,0,0,0,0,0.000211,0.000913
tan_mar3m,1,0,0,0,0,0,0,0.000211,0.000913
ariefhi64201710,0,3,1,1,1,0,18,0.00018,0
tita83079013,13,0,0,0,0,0,18,0.001144,0.012966
lisaamartatara4,10,2,1,1,1,0,18,0.000692,0.009318
mu_garislucu,0,2,2,0.538462,0.571429,0,0,0.00018,0
hertantoari,0,3,1,1,1,0,18,0.00018,0
rab_yuli,0,3,1,1,1,0,18,0.00018,0
tribowo38620320,0,4,2,0.75,0.833333,0,4,0.00018,0
deeyaas_,0,3,1,1,1,0,3,0.00018,0
twtgmn,1,0,0,0,0,0,3,0.000232,0.000913
gilanga04097662,1,3,1,1,1,0,18,0.000227,0.001003
warganet1969,1,4,1,1,1,1,18,0.000219,0.000913
arivpermana,0,2,1,1,1,0,1,0.00018,0
oeihanliong,0,1,1,1,1,0,19,0.00018,0
lambe_kribo,1,0,0,0,0,0,19,0.000335,0.000913
j_mustofa,0,2,1,1,1,0,1,0.00018,0
okebogor,0,2,2,0.5625,0.611111,0,0,0.00018,0
emerson_yuntho,1,8,1,1,1,7,12,0.000258,0.000913
lesleylesley131,1,1,0,0,0,0,20,0.00018,0.001008
khong_id,0,1,1,1,1,0,0,0.00018,0
suyanto06083332,0,2,1,1,1,0,3,0.00018,0
aseliname,0,5,1,1,1,0,47,0.00018,0
fahrihamzah,1,0,0,0,0,0,47,0.000211,0.000913
ekowboy2,1,0,0,0,0,0,47,0.000211,0.000913
ingotsitorus1,0,2,1,1,1,0,1,0.00018,0
mutsuyuti,0,3,1,1,1,0,1,0.00018,0
safeguardindo1,1,0,0,0,0,0,1,0.000232,0.000913
fullsun_hana,0,4,1,1,1,0,2,0.00018,0
mbahwg,1,0,0,0,0,0,2,0.000219,0.000913
pria_sun,0,2,1,1,1,0,1,0.00018,0
muh_asse,0,3,1,1,1,0,18,0.00018,0
axkasa,0,2,1,1,1,0,1,0.00018,0
daryadi6519,0,1,1,1,1,0,21,0.00018,0
republikaonline,2,0,0,0,0,0,21,0.00049,0.001827
irmadew45340579,0,9,4,0.515152,0.691176,0,3,0.00018,0
oyok_712,0,1,1,1,1,0,3,0.00018,0
ronavioleta,15,1,0,0,0,0,3,0.001491,0.015117
ponakanelon,0,4,2,0.833333,0.9,0,18,0.00018,0
adememed3,0,4,2,0.625,0.7,0,3,0.00018,0
pdemokrat,3,0,0,0,0,0,3,0.000282,0.00292
peni_asih,2,9,1,1,1,12,3,0.000258,0.001827
latincs,0,1,1,1,1,0,47,0.00018,0
jokoas,0,1,1,1,1,0,3,0.00018,0
virachma_,0,11,1,1,1,0,4,0.00018,0
moh,1,0,0,0,0,0,4,0.000194,0.000913
agusyudhoyono,8,0,0,0,0,0,3,0.000399,0.008044
hary_tanoe,4,0,0,0,0,0,4,0.000258,0.003923
hemasgkr,4,0,0,0,0,0,4,0.000258,0.003923
rajatikamdiy_,4,0,0,0,0,0,4,0.000258,0.003923
ninakarinbg,3,8,1,1,1,2,4,0.000233,0.00274
indrafastable27,0,3,1,1,1,0,3,0.00018,0
dpdri,1,0,0,0,0,0,3,0.000232,0.000913
m45broo_,6,0,0,0,0,0,3,0.000541,0.005481
countrytyp,0,1,1,1,1,0,0,0.00018,0
bang_surya1,0,2,1,1,1,0,1,0.00018,0
herirwidjaja,0,2,1,1,1,0,1,0.00018,0
dheta_dewa,0,8,2,0.9,0.944444,0,4,0.00018,0
ok_ko1977,0,1,1,1,1,0,0,0.00018,0
burhanmuhtadi,9,0,0,0,0,0,12,0.000395,0.008944
alvinlie21,8,0,0,0,0,0,12,0.000364,0.00803
susipudjiastuti,9,0,0,0,0,0,12,0.000381,0.008944
mice_cartoon,8,0,0,0,0,0,12,0.000364,0.00803
johanadhi,7,7,1,1,1,0,12,0.000324,0.006484
anakskbmi,0,2,1,1,1,0,1,0.00018,0
raetse,0,6,1,1,1,0,3,0.00018,0
h4ripurwanto,6,0,0,0,0,0,3,0.000331,0.005481
rikodemus,0,1,1,1,1,0,0,0.00018,0
junimendo007,0,2,2,0.538462,0.571429,0,0,0.00018,0
muchamadachsin,0,8,1,1,1,0,12,0.00018,0
myidviri,0,1,1,1,1,0,3,0.00018,0
alfaqeer_abdulr,0,2,1,1,1,0,1,0.00018,0
lehami5,0,8,1,1,1,0,12,0.00018,0
agent_pin,0,3,1,1,1,0,3,0.00018,0
airlangga_hrt,1,0,0,0,0,0,3,0.000195,0.001003
harytanoe65,1,0,0,0,0,0,3,0.000195,0.001003
hotmanparis,1,0,0,0,0,0,3,0.000195,0.001003
aburizalbakrie,1,0,0,0,0,0,3,0.000195,0.001003
sbyudhoyono,2,0,0,0,0,0,3,0.00022,0.002096
karniilyas,2,0,0,0,0,0,3,0.000221,0.001917
machrus_azam,0,3,1,1,1,0,18,0.00018,0
hbhendro,0,3,1,1,1,0,22,0.00018,0
zul_piliank02,1,0,0,0,0,0,22,0.000232,0.000913
muhammad_saewad,4,0,0,0,0,0,22,0.000541,0.003654
roysahadoen,0,3,1,1,1,0,3,0.00018,0
pakpunnn,0,4,1,1,1,0,16,0.00018,0
ichsanee,1,0,0,0,0,0,16,0.000219,0.000913
ggc_ceria,2,0,0,0,0,0,16,0.00025,0.001827
arya_as_sabil,0,2,1,1,1,0,1,0.00018,0
noviaptayudua,0,2,1,1,1,0,1,0.00018,0
mr_jembret,0,2,1,1,1,0,3,0.00018,0
kusnulyakin10,0,9,4,0.515152,0.691176,0,3,0.00018,0
ras_aff,0,3,1,1,1,0,0,0.00018,0
raffasya___,2,0,0,0,0,0,0,0.00027,0.001827
neohistoria_id,2,0,0,0,0,0,23,0.000283,0.001827
lvrn_nrvl,0,3,1,1,1,0,23,0.00018,0
mazzini_gsp,2,0,0,0,0,0,23,0.000283,0.001827
gfaithlee,0,2,1,1,1,0,1,0.00018,0
kangotoy26,0,1,3,0.481481,0.512821,0,4,0.00018,0
gunawansewang,147,11,2,0.857143,0.916667,1535,4,0.018113,0.155135
halimrudianto,0,2,1,1,1,0,1,0.00018,0
ketokemn,0,1,3,0.481481,0.512821,0,4,0.00018,0
iyaiyaajalu,0,1,1,1,1,0,0,0.00018,0
bigant0x78,3,8,3,0.548387,0.686275,1,37,0.00025,0.003564
hasby_willy,2,0,0,0,0,0,37,0.000226,0.002442
ds_martakusumah,3,12,2,0.772727,0.852941,25.5,37,0.000258,0.003564
congratu1ati0ns,4,0,0,0,0,0,37,0.000277,0.004785
alena_sitta,2,8,3,0.548387,0.686275,0,37,0.000226,0.002442
pinkrabbits77,3,8,3,0.548387,0.686275,0.5,37,0.00025,0.003564
hr_strange,4,0,0,0,0,0,37,0.000277,0.004785
alqnft,4,0,0,0,0,0,37,0.000277,0.004785
desperadob218,4,0,0,0,0,0,37,0.000277,0.004785
ayyawulan168,4,0,0,0,0,0,37,0.000277,0.004785
bemui_official,2,0,0,0,0,0,37,0.000259,0.002798
lembayung071,7,7,1,1,1,45,37,0.000492,0.007145
gosasih,0,5,3,0.565217,0.666667,0,4,0.00018,0
sulishelmi09,0,2,1,1,1,0,1,0.00018,0
fauzan69899430,0,2,1,1,1,0,1,0.00018,0
melayusejahtera,0,2,1,1,1,0,1,0.00018,0
riharsya,0,1,3,0.481481,0.512821,0,4,0.00018,0
puns81,0,1,3,0.481481,0.512821,0,4,0.00018,0
jsedoe,0,8,1,1,1,0,24,0.00018,0
dyahnezza,1,0,0,0,0,0,24,0.0002,0.000913
n,1,0,0,0,0,0,24,0.0002,0.000913
kopipait__78,1,0,0,0,0,0,24,0.0002,0.000913
kimberley_2022,1,0,0,0,0,0,24,0.0002,0.000913
mahad3w4,1,0,0,0,0,0,24,0.0002,0.000913
msirulhaq,1,0,0,0,0,0,24,0.0002,0.000913
_melody_mellow,1,0,0,0,0,0,24,0.0002,0.000913
arriv_antiviruz,0,5,3,0.565217,0.666667,0,4,0.00018,0
arsandita,0,1,3,0.481481,0.512821,0,4,0.00018,0
bakwanmalang,0,2,1,1,1,0,1,0.00018,0
akharrumput,0,1,3,0.481481,0.512821,0,4,0.00018,0
gugusfebrian,0,1,3,0.481481,0.512821,0,4,0.00018,0
mengalirnatural,0,4,1,1,1,0,1,0.00018,0
damnoise,1,0,0,0,0,0,1,0.000219,0.000913
palle_fallow,1,0,0,0,0,0,1,0.000219,0.000913
bwbjtv1,0,1,1,1,1,0,9,0.00018,0
herubowo9,0,3,1,1,1,0,3,0.00018,0
lc_adi07,0,8,1,1,1,0,12,0.00018,0
dariijauh,0,1,1,1,1,0,0,0.00018,0
hendridaok2000,0,1,3,0.481481,0.512821,0,4,0.00018,0
dirjajaya,0,1,3,0.481481,0.512821,0,4,0.00018,0
buntalezar,1,1,0,0,0,0,25,0.00018,0.001008
adipurwa_12,0,2,2,0.538462,0.571429,0,0,0.00018,0
asepfau,0,2,1,1,1,0,1,0.00018,0
nengrustika_dr,0,3,1,1,1,0,3,0.00018,0
fahroelrizal79,1,1,3,0.481481,0.512821,0,4,0.000206,0.000913
adribarza2,0,6,3,0.583333,0.690476,0,4,0.00018,0
elly_rustia,0,1,3,0.481481,0.512821,0,4,0.00018,0
juliusijul73,0,5,3,0.565217,0.666667,0,4,0.00018,0
aries3578,0,2,1,1,1,0,1,0.00018,0
aan_wijoyo,0,1,1,1,1,0,26,0.00018,0
wagimandeep212_,1,0,0,0,0,0,26,0.000335,0.000913
hanasobi,0,5,3,0.565217,0.666667,0,4,0.00018,0
azisantik,0,1,3,0.481481,0.512821,0,4,0.00018,0
kokoronotomo73,0,2,1,1,1,0,22,0.00018,0
mrsasaky,0,2,1,1,1,0,1,0.00018,0
avif71571089,0,1,1,1,1,0,0,0.00018,0
tuanmuaku,1,5,1,1,1,0,43,0.000218,0.001008
bnptri,2,0,0,0,0,0,43,0.000255,0.002016
aduhmalubanget,1,5,1,1,1,0,43,0.000218,0.001008
komnasham,3,0,0,0,0,0,43,0.000307,0.002929
mawasdir,0,6,1,1,1,0,3,0.00018,0
nasbtati,0,3,1,1,1,0,0,0.00018,0
dewmor651,1,0,0,0,0,0,0,0.000232,0.000913
imansidiq5,1,0,0,0,0,0,0,0.000232,0.000913
dbluestarqueen,0,2,1,1,1,0,1,0.00018,0
adatjawa,0,8,2,0.9,0.944444,0,4,0.00018,0
dewinugrahagma1,0,1,1,1,1,0,0,0.00018,0
fajarpeewee,0,1,3,0.481481,0.512821,0,4,0.00018,0
ambo_dale89,0,5,1,1,1,0,3,0.00018,0
ganjar,1,0,0,0,0,0,3,0.000211,0.000913
mike_wildhan,1,0,0,0,0,0,3,0.000211,0.000913
basuki_btp,2,0,0,0,0,0,3,0.000228,0.001827
hambaliagus8,0,1,1,1,1,0,0,0.00018,0
jjarzza,0,1,3,0.481481,0.512821,0,4,0.00018,0
namanya_abijon,0,1,3,0.481481,0.512821,0,4,0.00018,0
agusdidin,0,1,1,1,1,0,0,0.00018,0
macanasia84,0,1,3,0.481481,0.512821,0,4,0.00018,0
beraniadilhebat,0,1,3,0.481481,0.512821,0,4,0.00018,0
kemalshihab,0,1,1,1,1,0,0,0.00018,0
ps4249725259,0,1,3,0.481481,0.512821,0,4,0.00018,0
marufmdj,0,3,1,1,1,0,3,0.00018,0
geiszchalifah,1,0,0,0,0,0,3,0.000232,0.000913
aloel_13,0,1,3,0.481481,0.512821,0,4,0.00018,0
bangsaguru,0,9,1,1,1,0,4,0.00018,0
fahiraidris,1,0,0,0,0,0,4,0.000197,0.000913
zarazettirazr,1,0,0,0,0,0,4,0.000197,0.000913
najwashihab,1,0,0,0,0,0,4,0.000197,0.000913
dedypurnawan99,0,1,3,0.481481,0.512821,0,4,0.00018,0
annasantoz318,0,1,3,0.481481,0.512821,0,4,0.00018,0
onomsalam2pas,0,1,3,0.481481,0.512821,0,4,0.00018,0
dherrayy,0,1,3,0.481481,0.512821,0,4,0.00018,0
sesaatnafsu,0,1,3,0.481481,0.512821,0,4,0.00018,0
wigrahman,0,1,3,0.481481,0.512821,0,4,0.00018,0
mahmudy74814220,0,1,3,0.481481,0.512821,0,4,0.00018,0
berliannew,0,1,3,0.481481,0.512821,0,4,0.00018,0
iswantoismet3,0,2,1,1,1,0,1,0.00018,0
deanhd99977,0,1,3,0.481481,0.512821,0,4,0.00018,0
anticukong,0,8,3,0.6,0.703704,0,47,0.00018,0
muhammadiyah,1,0,0,0,0,0,47,0.0002,0.000913
muipusat,1,0,0,0,0,0,47,0.0002,0.000913
zul_hasan,1,0,0,0,0,0,47,0.0002,0.000913
surya_paloh,1,0,0,0,0,0,47,0.0002,0.000913
yayusurga,0,2,1,1,1,0,1,0.00018,0
masdjadoelmedan,0,1,1,1,1,0,0,0.00018,0
theflyingcoro,0,1,3,0.481481,0.512821,0,4,0.00018,0
djafarhasny3,0,1,3,0.481481,0.512821,0,4,0.00018,0
noorhavid,0,1,3,0.481481,0.512821,0,4,0.00018,0
cikalsandi1,0,1,3,0.481481,0.512821,0,4,0.00018,0
naniindayanti,0,2,2,0.571429,0.625,0,37,0.00018,0
slash00713,0,1,3,0.481481,0.512821,0,4,0.00018,0
mangga1manggala,0,6,3,0.583333,0.690476,0,4,0.00018,0
amrimau34426896,2,5,3,0.565217,0.666667,0,4,0.000228,0.001827
gemilan82640278,0,1,3,0.481481,0.512821,0,4,0.00018,0
aydnizam,0,1,3,0.481481,0.512821,0,4,0.00018,0
hendrii78955926,0,1,3,0.481481,0.512821,0,4,0.00018,0
ziaarsya,0,1,3,0.481481,0.512821,0,4,0.00018,0
avanbaadilla17,0,1,3,0.481481,0.512821,0,4,0.00018,0
lam_sijan,0,1,3,0.481481,0.512821,0,4,0.00018,0
el_deputi,0,9,1,1,1,0,3,0.00018,0
korantempo,1,0,0,0,0,0,3,0.000197,0.000913
lalaki_langit83,0,1,3,0.481481,0.512821,0,4,0.00018,0
mamiennie,0,1,3,0.481481,0.512821,0,4,0.00018,0
stevankresonia,0,1,3,0.481481,0.512821,0,4,0.00018,0
kendalbo,0,2,1,1,1,0,1,0.00018,0
anggreat2,0,1,3,0.481481,0.512821,0,4,0.00018,0
laksmurni,0,1,1,1,1,0,3,0.00018,0
syayidilumroh1,0,3,1,1,1,0,3,0.00018,0
isnanzulfida,0,2,1,1,1,0,1,0.00018,0
maulanaemill,0,5,3,0.565217,0.666667,0,4,0.00018,0
fyahyab,0,2,1,1,1,0,4,0.00018,0
geloraco,1,0,0,0,0,0,4,0.000258,0.000913
nesiabara,0,1,3,0.481481,0.512821,0,4,0.00018,0
dayangindah4,0,4,1,1,1,0,4,0.00018,0
dharmaone05,0,1,3,0.481481,0.512821,0,4,0.00018,0
arickkingking,0,1,3,0.481481,0.512821,0,4,0.00018,0
b_siebel,0,2,1,1,1,0,1,0.00018,0
palupi02502474,0,5,4,0.439024,0.555556,0,1,0.00018,0
rahman65779485,0,1,3,0.481481,0.512821,0,4,0.00018,0
astonishinglie,0,3,1,1,1,0,0,0.00018,0
keuangannews_id,1,0,0,0,0,0,0,0.000232,0.000913
pakasidani,0,2,1,1,1,0,1,0.00018,0
wonggndeso,0,2,1,1,1,0,18,0.00018,0
juniawanmolder,0,6,3,0.583333,0.690476,0,4,0.00018,0
aremafcofficial,1,0,0,0,0,0,4,0.000206,0.000913
mazlevi_ae,0,5,3,0.565217,0.666667,0,4,0.00018,0
nanggo5,0,1,3,0.481481,0.512821,0,4,0.00018,0
ikhwankhaliq4,0,1,1,1,1,0,0,0.00018,0
abitanyo78,0,2,1,1,1,0,1,0.00018,0
iwansan36083563,0,2,1,1,1,0,1,0.00018,0
al_berich_88,0,1,3,0.481481,0.512821,0,4,0.00018,0
priillybiee,0,2,1,1,1,0,3,0.00018,0
rudyrudynkri,0,2,1,1,1,0,1,0.00018,0
yeremiaabraham,0,5,3,0.565217,0.666667,0,4,0.00018,0
indra_ibn7,0,1,3,0.481481,0.512821,0,4,0.00018,0
nasir77_nasir,0,1,3,0.481481,0.512821,0,4,0.00018,0
gajahnata,0,1,3,0.481481,0.512821,0,4,0.00018,0
wibawant0ny,0,1,3,0.481481,0.512821,0,4,0.00018,0
devicaduak,0,5,3,0.565217,0.666667,0,4,0.00018,0
bsalabien,0,2,1,1,1,0,1,0.00018,0
uripaja12,0,5,3,0.565217,0.666667,0,4,0.00018,0
skhery8,0,2,1,1,1,0,1,0.00018,0
anton_harjo,0,2,1,1,1,0,1,0.00018,0
mochatma,0,2,1,1,1,0,1,0.00018,0
paradis47888520,0,2,1,1,1,0,1,0.00018,0
yoks21837629,0,1,3,0.481481,0.512821,0,4,0.00018,0
awaloedin02,0,1,3,0.481481,0.512821,0,4,0.00018,0
bp_kaskus,0,1,3,0.481481,0.512821,0,4,0.00018,0
ahmed_170298,0,2,1,1,1,0,1,0.00018,0
densegeh,0,2,1,1,1,0,1,0.00018,0
abibaikbaik,0,1,3,0.481481,0.512821,0,4,0.00018,0
ypramono68,0,2,1,1,1,0,1,0.00018,0
thegourmet12,0,1,3,0.481481,0.512821,0,4,0.00018,0
kennnnnnzzzzzzz,0,2,1,1,1,0,1,0.00018,0
khaibar92110952,0,1,3,0.481481,0.512821,0,4,0.00018,0
felixxay,0,2,1,1,1,0,0,0.00018,0
e100ss,3,0,0,0,0,0,0,0.000412,0.00274
qaisrafif,0,1,1,1,1,0,0,0.00018,0
onnyanwar,0,2,1,1,1,0,1,0.00018,0
abudiartop,0,2,1,1,1,0,1,0.00018,0
adityas74150232,0,1,1,1,1,0,0,0.00018,0
s_darno,0,1,1,1,1,0,0,0.00018,0
ganjarinaja,0,2,1,1,1,0,1,0.00018,0
purnomo51926810,0,2,1,1,1,0,0,0.00018,0
medcom_id,1,0,0,0,0,0,0,0.000258,0.000913
juragankonjac,1,2,2,0.541667,0.576923,0,0,0.000361,0.00282
aewin86,2,3,2,0.565217,0.615385,0,0,0.000511,0.004015
bigwinswaha,2,3,2,0.565217,0.615385,0,0,0.000511,0.004015
preciosakanti,1,2,2,0.541667,0.576923,0,0,0.000361,0.00282
haniafiair,1,2,2,0.541667,0.576923,0,0,0.000361,0.00282
jasaacjogja,1,2,2,0.541667,0.576923,0,0,0.000361,0.00282
ditdottv,1,2,2,0.541667,0.576923,0,0,0.000361,0.00282
alex_hunter146,1,2,2,0.541667,0.576923,0,0,0.000361,0.00282
prasetyoadhi2,1,2,2,0.541667,0.576923,0,0,0.000361,0.00282
coco_ala,1,2,2,0.541667,0.576923,0,0,0.000361,0.00282
pithenk1,0,2,1,1,1,0,1,0.00018,0
erna_st,0,1,3,0.481481,0.512821,0,4,0.00018,0
penjelajahinte5,0,1,1,1,1,0,0,0.00018,0
levikiem,0,2,1,1,1,0,1,0.00018,0
armaniaboyz1,0,2,1,1,1,0,1,0.00018,0
dariikamu,0,1,1,1,1,0,0,0.00018,0
lawakteros,0,1,1,1,1,0,0,0.00018,0
cak_an6,0,7,2,0.888889,0.9375,0,3,0.00018,0
pagiperindu,1,1,1,1,1,1,3,0.000202,0.000913
krisonedi,0,2,1,1,1,0,0,0.00018,0
mulyatikaral,1,0,0,0,0,0,0,0.000258,0.000913
jakapujakesuma1,0,6,1,1,1,0,3,0.00018,0
adiaryogo,0,1,1,1,1,0,0,0.00018,0
simbolonmarudu1,0,1,1,1,1,0,0,0.00018,0
ayahalifa6,0,1,1,1,1,0,0,0.00018,0
andianwar75,0,1,1,1,1,0,27,0.00018,0
johndamanik0408,2,1,0,0,0,0,27,0.000335,0.002016
margasinaga,0,2,1,1,1,0,1,0.00018,0
yogiegolan,0,2,1,1,1,0,1,0.00018,0
feriand48371106,0,3,1,1,1,0,18,0.00018,0
egg_hott,0,1,1,1,1,0,0,0.00018,0
syafira2010,0,1,1,1,1,0,0,0.00018,0
mr_am94,0,5,3,0.565217,0.666667,0,4,0.00018,0
efekdominonew,0,4,1,1,1,0,13,0.00018,0
helmifelis_,1,0,0,0,0,0,13,0.000219,0.000913
basaillive,1,0,0,0,0,0,13,0.000219,0.000913
navilicious27,0,2,1,1,1,0,0,0.00018,0
pitlord_88,0,1,1,1,1,0,0,0.00018,0
simsonallosau,0,2,1,1,1,0,1,0.00018,0
gunawanlbhim,1,1,0,0,0,0,28,0.00018,0.001008
dy04343703,0,2,1,1,1,0,1,0.00018,0
yadiwiyanto1,1,2,1,1,1,0,1,0.000232,0.000913
abymany47450488,0,3,1,1,1,0,1,0.00018,0
anby_a,0,5,1,1,1,0,29,0.00018,0
ndagels,1,0,0,0,0,0,29,0.000211,0.000913
geovanda11,1,0,0,0,0,0,29,0.000211,0.000913
azizulpratama,1,0,0,0,0,0,29,0.000211,0.000913
ardhyantoo,1,0,0,0,0,0,29,0.000211,0.000913
indonesiaperka2,0,1,1,1,1,0,0,0.00018,0
thahirdarmawati,0,1,1,1,1,0,0,0.00018,0
fatayati2,0,1,1,1,1,0,3,0.00018,0
adhwa_husna,0,1,3,0.481481,0.512821,0,4,0.00018,0
autorayatv,0,1,1,1,1,0,3,0.00018,0
q_juzzy,0,2,1,1,1,0,0,0.00018,0
wajahpribumi22,1,1,1,1,1,0,0,0.000258,0.000913
nurdinqusyaeri,0,1,3,0.481481,0.512821,0,4,0.00018,0
hafizmaulll,0,2,1,1,1,0,16,0.00018,0
myuxii12,0,3,1,1,1,0,0,0.00018,0
banteng_pbg,0,1,1,1,1,0,0,0.00018,0
maulana_roesli,0,3,1,1,1,0,0,0.00018,0
musniumar,5,0,0,0,0,0,3,0.000424,0.004747
lkmnokterman,1,1,1,1,1,0,0,0.000258,0.000913
ekapentatonic,0,2,1,1,1,0,0,0.00018,0
budi_mennafa,0,2,1,1,1,0,0,0.00018,0
sikumba27573812,4,1,1,1,1,0,0,0.00048,0.003842
kembara082022,0,2,1,1,1,0,1,0.00018,0
wahyuekow,0,1,3,0.481481,0.512821,0,4,0.00018,0
fandiesta5758,0,1,3,0.481481,0.512821,0,4,0.00018,0
kapuk15933342,0,4,1,1,1,0,1,0.00018,0
halimah85212805,1,0,0,0,0,0,1,0.000219,0.000913
sugito43334255,1,0,0,0,0,0,1,0.000219,0.000913
fariji_lacak,0,3,1,1,1,0,3,0.00018,0
sianggeah1,0,3,1,1,1,0,12,0.00018,0
albert_andris,1,0,0,0,0,0,12,0.000232,0.000913
herrymwatson,0,2,2,0.666667,0.75,0,0,0.00018,0
nugroho_harinto,6,3,1,1,1,9,0,0.00085,0.005899
syahputra2019,0,1,1,1,1,0,0,0.00018,0
wongkatrok18,0,2,1,1,1,0,1,0.00018,0
wilmark57488273,0,2,1,1,1,0,1,0.00018,0
rm_lndr4one4587,0,2,1,1,1,0,3,0.00018,0
noviade77427302,0,9,1,1,1,0,12,0.00018,0
f,1,0,0,0,0,0,12,0.000197,0.000913
hasanzulfahmi,1,0,0,0,0,0,12,0.000197,0.000913
bagusmuhaimins1,1,0,0,0,0,0,12,0.000197,0.000913
bagusmuhaimin24,3,0,0,0,0,0,12,0.000259,0.00274
wulanarum15,0,1,3,0.481481,0.512821,0,4,0.00018,0
pedas_cemilan,1,2,2,0.666667,0.75,0,0,0.000232,0.000913
rendrawibowo9,0,3,2,0.714286,0.8,0,0,0.00018,0
joy81926228,0,1,3,0.481481,0.512821,0,4,0.00018,0
cornell0,0,2,1,1,1,0,1,0.00018,0
taherbayu,0,2,1,1,1,0,1,0.00018,0
nmsahrul,0,1,1,1,1,0,0,0.00018,0
feerzylant,0,2,3,0.5,0.547619,0,3,0.00018,0
teropongmetro,1,1,0,0,0,0,30,0.00018,0.001008
riffathar26,0,2,1,1,1,0,1,0.00018,0
otsuzo,0,1,3,0.481481,0.512821,0,4,0.00018,0
cellabotak,2,5,1,1,1,0,3,0.000249,0.002016
gianfhbold,2,5,1,1,1,0,3,0.000249,0.002016
fedyistiaty,0,6,1,1,1,0,3,0.00018,0
ilmuhidup,0,5,3,0.565217,0.666667,0,4,0.00018,0
danidancex,0,2,1,1,1,0,1,0.00018,0
sanipar7,0,2,1,1,1,0,1,0.00018,0
psychorhinemia,0,1,1,1,1,0,0,0.00018,0
kodok_plongo,0,2,1,1,1,0,0,0.00018,0
sawalnasution5,1,0,0,0,0,0,0,0.000258,0.000913
andisur71290508,0,1,1,1,1,0,0,0.00018,0
4rianto87,0,2,2,0.666667,0.75,0,0,0.00018,0
asnaip22,1,2,1,1,1,2,0,0.000258,0.000913
juanto_mm,0,2,1,1,1,0,22,0.00018,0
irsuwaji3,0,2,1,1,1,0,1,0.00018,0
cryptox666,0,1,1,1,1,0,0,0.00018,0
vlonnie_vlonn,0,2,1,1,1,0,1,0.00018,0
cahaya08nkri78,0,5,1,1,1,0,13,0.00018,0
_ekokuntadhi,1,0,0,0,0,0,13,0.000211,0.000913
pramonoanung,2,0,0,0,0,0,13,0.00023,0.001827
nasdem,2,0,0,0,0,0,0,0.000247,0.002332
andryanz12,0,2,1,1,1,0,1,0.00018,0
m22mentari9,1,3,1,1,1,0,3,0.000219,0.000913
__anakkolong,6,0,0,0,0,0,3,0.000515,0.00566
untungb27371702,0,4,1,1,1,0,3,0.00018,0
alief1ba,0,8,1,1,1,0,12,0.00018,0
fajaralam9,0,3,1,1,1,0,3,0.00018,0
nasehatindah73,0,1,3,0.481481,0.512821,0,4,0.00018,0
maktal_212,0,1,1,1,1,0,0,0.00018,0
harieisday,0,1,1,1,1,0,0,0.00018,0
kgsamrir,0,5,1,1,1,0,0,0.00018,0
prast_aanmu,2,0,0,0,0,0,1,0.00025,0.001827
christi28566166,2,2,1,1,1,1,0,0.000263,0.001827
glondor69,0,1,1,1,1,0,0,0.00018,0
seblakdoweer,0,2,1,1,1,0,4,0.00018,0
elutanwar,0,11,1,1,1,0,0,0.00018,0
ridwankamil,1,0,0,0,0,0,0,0.000194,0.000913
bamsoet10,1,0,0,0,0,0,0,0.000194,0.000913
mprgoid,1,0,0,0,0,0,0,0.000194,0.000913
puspen_tni,2,0,0,0,0,0,39,0.000225,0.001827
fajar_1108,0,6,1,1,1,0,31,0.00018,0
roni_asc,1,0,0,0,0,0,31,0.000206,0.000913
martinmanurung,1,0,0,0,0,0,31,0.000206,0.000913
budikaryas,1,0,0,0,0,0,31,0.000206,0.000913
kemenhub151,1,0,0,0,0,0,31,0.000206,0.000913
wahyust1,0,1,1,1,1,0,21,0.00018,0
joe_jhon86,0,2,1,1,1,0,0,0.00018,0
santo09054972,1,0,0,0,0,0,0,0.000258,0.000913
hansckr,0,7,1,1,1,0,47,0.00018,0
ramlirizal,1,0,0,0,0,0,47,0.000202,0.000913
mardanialisera,1,0,0,0,0,0,47,0.000202,0.000913
fadlizon,2,0,0,0,0,0,47,0.000227,0.002007
deus_xmchn,0,1,3,0.481481,0.512821,0,4,0.00018,0
ansharsaud,0,8,1,1,1,0,12,0.00018,0
muhamaddaudabd3,0,1,1,1,1,0,3,0.00018,0
danny_marvelle,0,2,1,1,1,0,3,0.00018,0
stevehadfieldd,0,2,2,0.666667,0.75,0,0,0.00018,0
iwan_isbon,0,2,1,1,1,0,1,0.00018,0
putraje10128194,0,1,1,1,1,0,0,0.00018,0
mangurmebel,2,3,1,1,1,0,3,0.000307,0.002016
upasarawulunq,2,3,1,1,1,0,3,0.000307,0.002016
rajivgaluh,0,4,1,1,1,0,3,0.00018,0
zeronol0,0,1,3,0.481481,0.512821,0,4,0.00018,0
kamelia23a,0,9,1,1,1,0,3,0.00018,0
penipuhan,1,0,0,0,0,0,3,0.000197,0.000913
ojkindonesia,1,0,0,0,0,0,3,0.000197,0.000913
setkabgoid,1,0,0,0,0,0,3,0.000197,0.000913
dorabutz1,1,0,0,0,0,0,3,0.000197,0.000913
extordnry,1,0,0,0,0,0,3,0.000197,0.000913
hokagenibosss,0,1,1,1,1,0,0,0.00018,0
mamanwi78450825,0,2,1,1,1,0,1,0.00018,0
ion_doang,0,3,1,1,1,0,2,0.00018,0
duondong,1,0,0,0,0,0,2,0.000232,0.000913
haris_dmazhar,0,3,1,1,1,0,18,0.00018,0
dr_angek,0,1,1,1,1,0,0,0.00018,0
chris_chang09,0,1,1,1,1,0,0,0.00018,0
azamroni2021,0,1,1,1,1,0,9,0.00018,0
dabloardi,0,2,1,1,1,0,1,0.00018,0
emmyrostyaty3,0,2,1,1,1,0,1,0.00018,0
fikar91518591,0,5,1,1,1,0,12,0.00018,0
u54m41,0,2,1,1,1,0,1,0.00018,0
anti_aksiapapun,0,1,1,1,1,0,0,0.00018,0
budisantoso2008,0,2,1,1,1,0,1,0.00018,0
pakpahansyafii,0,2,1,1,1,0,0,0.00018,0
buzze_rp,1,1,0,0,0,0,32,0.00018,0.001008
rachmawati21570,1,2,1,1,1,0,0,0.000317,0.001008
uman_2009,1,2,1,1,1,0,0,0.000317,0.001008
dinianjani850,0,1,1,1,1,0,0,0.00018,0
poetrahasani,0,3,1,1,1,0,43,0.00018,0
fifacom,2,0,0,0,0,0,43,0.000251,0.001827
p_eneste,1,2,1,1,1,0,3,0.000232,0.000913
kayanaduris,0,3,1,1,1,0,3,0.00018,0
odato5,0,1,1,1,1,0,22,0.00018,0
muchllas_g89,0,2,1,1,1,0,0,0.00018,0
maman1965,1,0,0,0,0,0,0,0.000258,0.000913
bumnbersatu,2,7,1,1,1,12,4,0.000462,0.001926
lesti_jenong_da,1,0,0,0,0,0,4,0.000237,0.001098
nikitamirzani_n,1,0,0,0,0,0,4,0.000237,0.001098
doelkemplu2,1,1,2,0.538462,0.571429,0,4,0.000237,0.001098
achzam_prabu,0,2,1,1,1,0,1,0.00018,0
chaldun_ibnu,0,1,1,1,1,0,0,0.00018,0
bejokarisma,0,2,1,1,1,0,0,0.00018,0
detikcom,2,0,0,0,0,0,0,0.000335,0.001827
hawe75,0,4,1,1,1,0,3,0.00018,0
bachrum_achmadi,1,0,0,0,0,0,3,0.000219,0.000913
elinadio,1,0,0,0,0,0,3,0.000219,0.000913
cecephamzah73g1,0,5,1,1,1,0,12,0.00018,0
aastronuts,0,1,1,1,1,0,0,0.00018,0
winhtbat3,0,3,1,1,1,0,4,0.00018,0
adiyogap47,0,1,1,1,1,0,0,0.00018,0
4riq4lfatih,0,1,3,0.481481,0.512821,0,4,0.00018,0
sulunghasian,1,1,0,0,0,0,33,0.00018,0.001008
annisamaisaroh,0,8,1,1,1,0,34,0.00018,0
palembangtweet,1,0,0,0,0,0,34,0.0002,0.000913
komnasperempuan,1,0,0,0,0,0,34,0.0002,0.000913
sriwijayapost,1,0,0,0,0,0,34,0.0002,0.000913
tribunsumsel,1,0,0,0,0,0,34,0.0002,0.000913
lambeturahtweet,1,0,0,0,0,0,34,0.0002,0.000913
esjerukmantap,1,0,0,0,0,0,34,0.0002,0.000913
andrilixx,1,3,1,1,1,0,35,0.000253,0.001008
vip_siskaeee,2,0,0,0,0,0,35,0.000325,0.002016
whatsupram,1,3,1,1,1,0,35,0.000253,0.001008
woodsthejust,0,1,3,0.481481,0.512821,0,4,0.00018,0
komariacocom,0,1,1,1,1,0,0,0.00018,0
yhan71190136,0,1,1,1,1,0,0,0.00018,0
gavin11894009,0,2,2,0.571429,0.625,0,4,0.00018,0
basyirppib311,0,1,1,1,1,0,0,0.00018,0
usmanayaharya,0,1,1,1,1,0,0,0.00018,0
alva1588,0,5,1,1,1,0,13,0.00018,0
kemenpora_ri,1,0,0,0,0,0,13,0.000211,0.000913
mbahabah69,0,1,1,1,1,0,0,0.00018,0
masbrouw0030,0,6,1,1,1,0,0,0.00018,0
mega_wati_,1,0,0,0,0,0,0,0.000206,0.000913
reflyhz,1,0,0,0,0,0,0,0.000206,0.000913
intel_orba,1,0,0,0,0,0,0,0.000206,0.000913
elizabethlisa76,1,0,0,0,0,0,0,0.000206,0.000913
sar_windri,0,1,1,1,1,0,0,0.00018,0
msprihartono,0,2,1,1,1,0,0,0.00018,0
sicepat_ekspres,1,0,0,0,0,0,0,0.000258,0.000913
s_ghiffary,0,1,3,0.481481,0.512821,0,4,0.00018,0
adrian981123,0,3,1,1,1,0,0,0.00018,0
andisuraman,2,0,0,0,0,0,0,0.000309,0.001827
tiarapu30516221,1,1,1,1,1,0,0,0.000232,0.000913
aceldwi,0,2,1,1,1,0,2,0.00018,0
lia97547013,0,1,3,0.481481,0.512821,0,4,0.00018,0
bapana_gln,0,6,1,1,1,0,3,0.00018,0
roman_ardha,0,1,1,1,1,0,0,0.00018,0
zha_mubarak,0,2,1,1,1,0,0,0.00018,0
jalandamai6,0,2,1,1,1,0,0,0.00018,0
allnfor,0,2,2,0.75,0.833333,0,0,0.00018,0
mudjib_trisatya,1,2,1,1,1,1,0,0.000258,0.000913
yusupislam,0,3,1,1,1,0,0,0.00018,0
paijoarie,0,2,1,1,1,0,3,0.00018,0
zulputra,1,3,1,1,1,0,3,0.000219,0.000913
gaskinskavit,0,4,1,1,1,0,3,0.00018,0
vwiloso,0,1,1,1,1,0,0,0.00018,0
ho5bon,0,2,1,1,1,0,3,0.00018,0
sekarayuuuw,0,4,1,1,1,0,0,0.00018,0
hijrah_insani,0,1,3,0.481481,0.512821,0,4,0.00018,0
alishafarhaa,0,2,1,1,1,0,0,0.00018,0
asepkur123789,0,2,1,1,1,0,0,0.00018,0
dasillva_tiger,0,2,1,1,1,0,1,0.00018,0
dimasfaqot,0,3,1,1,1,0,8,0.00018,0
utaamii__,0,2,1,1,1,0,0,0.00018,0
nisputtt_,0,2,1,1,1,0,0,0.00018,0
azureeeyy,0,3,1,1,1,0,8,0.00018,0
llkeib87,0,5,3,0.565217,0.666667,0,4,0.00018,0
drpullmanrogers,0,3,1,1,1,0,3,0.00018,0
auraisabil95,0,2,1,1,1,0,0,0.00018,0
099img,0,1,1,1,1,0,0,0.00018,0
ziki_zaka___,0,2,1,1,1,0,0,0.00018,0
semut_ireng88,0,5,3,0.565217,0.666667,0,4,0.00018,0
chucknoun,0,2,1,1,1,0,0,0.00018,0
bendolganteng,0,3,1,1,1,0,3,0.00018,0
carolin8810,0,6,2,0.65,0.730769,0,4,0.00018,0
handoko75161314,14,7,2,0.705882,0.791667,296,4,0.002008,0.027264
ekosetiyono1204,0,6,1,1,1,0,3,0.00018,0
pdipjateng,4,0,0,0,0,0,37,0.000322,0.003654
johhhnygudhel,0,6,2,0.65,0.730769,0,4,0.00018,0
ibn_sjamsu,0,2,1,1,1,0,0,0.00018,0
safa_andriana,1,0,0,0,0,0,0,0.000258,0.000913
1999irawan,0,2,1,1,1,0,0,0.00018,0
nataprajasule,0,6,2,0.65,0.730769,0,4,0.00018,0
ajamhari4,0,3,1,1,1,0,36,0.00018,0
gpansor_ntt,1,0,0,0,0,0,36,0.000232,0.000913
gpansor,1,0,0,0,0,0,36,0.000232,0.000913
ajharjowe,1,0,0,0,0,0,36,0.000232,0.000913
s0n90ku,0,1,3,0.481481,0.512821,0,4,0.00018,0
_ceciliauw,0,3,1,1,1,0,8,0.00018,0
lukmanulharun2,1,1,1,1,1,0,0,0.000258,0.000913
wahyura05479165,0,2,1,1,1,0,0,0.00018,0
abercio_wiwoho,1,4,1,1,1,2,3,0.000232,0.000913
gr4sssss,0,3,2,0.714286,0.8,0,3,0.00018,0
room_lie,0,3,1,1,1,0,8,0.00018,0
adi_sareang,0,6,2,0.65,0.730769,0,4,0.00018,0
firman__nurhuda,2,5,2,0.777778,0.857143,0,37,0.000291,0.002711
cuanmaharani_ri,3,0,0,0,0,0,37,0.000341,0.003846
damai_itu_indah,2,5,2,0.777778,0.857143,0,37,0.000291,0.002711
budayabasabasi,0,3,1,1,1,0,8,0.00018,0
burungpipit1974,0,6,2,0.65,0.730769,0,4,0.00018,0
joniansyah_13,0,2,1,1,1,0,0,0.00018,0
ando_lan,0,3,1,1,1,0,3,0.00018,0
daemon_ihsan,0,2,1,1,1,0,0,0.00018,0
how_todiy,1,0,0,0,0,0,0,0.000258,0.000913
79_two,0,6,2,0.65,0.730769,0,4,0.00018,0
namaanda_09,0,2,1,1,1,0,0,0.00018,0
dedikurnadi3,0,6,2,0.65,0.730769,0,4,0.00018,0
kinggol08815057,1,5,3,0.571429,0.680556,0,4,0.0016,0.015044
da60705345,1,5,3,0.571429,0.680556,0,4,0.0016,0.015044
suroso60592134,1,5,3,0.571429,0.680556,0,4,0.0016,0.015044
dgarf8,1,5,3,0.571429,0.680556,0,4,0.0016,0.015044
junery_jr91,1,5,3,0.571429,0.680556,0,4,0.0016,0.015044
borneomandau,0,6,2,0.65,0.730769,0,4,0.00018,0
sajahmarisa,0,6,2,0.65,0.730769,0,4,0.00018,0
realnicodelano,0,3,1,1,1,0,3,0.00018,0
darkie72006006,0,6,2,0.65,0.730769,0,4,0.00018,0
gi_n0ng,0,4,2,0.642857,0.722222,0,37,0.00018,0
rahmaadelia311,0,4,1,1,1,0,8,0.00018,0
indikatorcoid,1,0,0,0,0,0,8,0.000219,0.000913
agunqraka99,0,3,1,1,1,0,3,0.00018,0
mrymsid2iqah_,0,2,1,1,1,0,0,0.00018,0
soonbrid19,5,6,1,1,1,10,0,0.000305,0.004567
wied44696934,1,0,0,0,0,0,0,0.000224,0.001363
er_rmd,1,1,1,1,1,0,0,0.000224,0.001363
mbahanenisme,0,4,1,1,1,0,8,0.00018,0
pacarrbaekhyun,0,2,1,1,1,0,16,0.00018,0
suharto_bc,2,1,0,0,0,0,38,0.000335,0.002016
ridwanaffandy10,0,1,1,1,1,0,38,0.00018,0
ludi135,0,2,1,1,1,0,0,0.00018,0
sabiq59408088,0,4,1,1,1,0,3,0.00018,0
tembakaumerah,1,3,1,1,1,0,3,0.000211,0.000913
frans_priyo,2,0,0,0,0,0,3,0.000272,0.001917
aa_mamas,0,5,1,1,1,0,3,0.00018,0
satriadiadi17,0,5,1,1,1,0,39,0.00018,0
tni_ad,1,0,0,0,0,0,39,0.000211,0.000913
android_ak_47,1,0,0,0,0,0,39,0.000211,0.000913
1254abp,0,3,1,1,1,0,3,0.00018,0
bobbypraja2,0,5,3,0.565217,0.666667,0,4,0.00018,0
puancentre,1,1,0,0,0,0,40,0.00018,0.001008
ik_inderakusuma,0,1,1,1,1,0,0,0.00018,0
paradilameta,0,3,1,1,1,0,8,0.00018,0
eramilenial2021,0,1,1,1,1,0,0,0.00018,0
nandamirsy,0,2,1,1,1,0,0,0.00018,0
indonesiaguyub,0,1,1,1,1,0,0,0.00018,0
muanprajas,1,6,2,0.666667,0.75,0,4,0.000431,0.002856
somarwanesefnat,1,6,2,0.666667,0.75,0,4,0.000431,0.002856
berpikir6,0,1,1,1,1,0,0,0.00018,0
baniiiii12,0,2,1,1,1,0,0,0.00018,0
idithea,0,1,3,0.481481,0.512821,0,4,0.00018,0
nitasafiraoh,0,1,1,1,1,0,0,0.00018,0
muhmuhtadi2,0,2,1,1,1,0,0,0.00018,0
aldiryandito,0,3,1,1,1,0,0,0.00018,0
socmedme,0,1,1,1,1,0,0,0.00018,0
mailboxx_,0,2,1,1,1,0,0,0.00018,0
khofifahip,1,0,0,0,0,0,0,0.000258,0.000913
hambarokp,0,1,1,1,1,0,0,0.00018,0
ank_yonk,0,5,1,1,1,0,3,0.00018,0
kuya_jou,0,3,1,1,1,0,3,0.00018,0
mbakpuan2024,0,1,1,1,1,0,0,0.00018,0
beetmotor,0,3,1,1,1,0,8,0.00018,0
2012prasetya,0,2,1,1,1,0,3,0.00018,0
izmy_11,0,4,1,1,1,0,8,0.00018,0
kelvind24483597,0,2,1,1,1,0,8,0.00018,0
theprames,0,3,1,1,1,0,3,0.00018,0
acengrocker,0,2,1,1,1,0,8,0.00018,0
raya_emilliaptr,0,2,1,1,1,0,8,0.00018,0
lukman_katili,0,4,2,0.642857,0.722222,0,37,0.00018,0
yusrianda11,0,2,1,1,1,0,3,0.00018,0
ip_albatawi,0,3,1,1,1,0,8,0.00018,0
rasajengkol,0,4,1,1,1,0,3,0.00018,0
iriawan84,1,0,0,0,0,0,3,0.000219,0.000913
umarhasibuann_,1,0,0,0,0,0,3,0.000219,0.000913
zen_sulendro,0,2,1,1,1,0,0,0.00018,0
gibran_tweet,95,0,0,0,0,0,0,0.007122,0.088996
tariaaadwi,0,3,1,1,1,0,8,0.00018,0
sakelahmad,0,3,1,1,1,0,8,0.00018,0
ddoublepaw,0,2,1,1,1,0,8,0.00018,0
kurniaw51658285,0,1,1,1,1,0,0,0.00018,0
rexychristian1,0,2,1,1,1,0,1,0.00018,0
arishaaurora,0,2,1,1,1,0,8,0.00018,0
irulgonjor01,0,4,2,0.642857,0.722222,0,37,0.00018,0
janisari9,0,2,1,1,1,0,0,0.00018,0
pdip_flotim,0,1,1,1,1,0,0,0.00018,0
sudiarto_koes,0,2,1,1,1,0,1,0.00018,0
sylviaangela6,0,3,1,1,1,0,3,0.00018,0
dilopho_sauru,0,3,1,1,1,0,8,0.00018,0
penguin_bahlul,0,1,1,1,1,0,0,0.00018,0
atmajaya_trio,0,2,1,1,1,0,0,0.00018,0
hazdjoeki,2,0,0,0,0,0,0,0.000335,0.001827
kimiramen,0,3,1,1,1,0,2,0.00018,0
yourlilspoon,0,4,1,1,1,0,8,0.00018,0
kaenaraadya17,0,2,1,1,1,0,8,0.00018,0
aura_mnd,0,4,1,1,1,0,8,0.00018,0
teguhahmad70,0,2,1,1,1,0,8,0.00018,0
daniswara02,0,5,3,0.565217,0.666667,0,4,0.00018,0
cipaamanda,0,2,1,1,1,0,8,0.00018,0
alamtimur3,0,3,1,1,1,0,0,0.00018,0
infokomdpppdip,1,0,0,0,0,0,0,0.000232,0.000913
ombara03,0,3,1,1,1,0,3,0.00018,0
siregar_elang,11,0,0,0,0,0,3,0.000938,0.010317
lusbaibai,0,4,1,1,1,0,8,0.00018,0
enlesmono,0,2,1,1,1,0,0,0.00018,0
fikri75595346,0,1,1,1,1,0,0,0.00018,0
milaajmilaaj1,0,3,1,1,1,0,0,0.00018,0
foxpole,1,0,0,0,0,0,0,0.000232,0.000913
puspita71660965,0,1,1,1,1,0,0,0.00018,0
yudisudiyono,0,3,1,1,1,0,16,0.00018,0
yusuf_lkw89,1,0,0,0,0,0,16,0.000232,0.000913
marulituapurba5,0,3,1,1,1,0,3,0.00018,0
marliasari17,0,1,1,1,1,0,0,0.00018,0
_a_thread,0,2,1,1,1,0,8,0.00018,0
hanapi_samsul,0,3,1,1,1,0,8,0.00018,0
elviramyshptr,0,3,1,1,1,0,8,0.00018,0
gadingkelapa2,0,3,1,1,1,0,3,0.00018,0
asgarmerah,0,2,1,1,1,0,0,0.00018,0
hudangaz3,0,7,3,0.6,0.711111,0,4,0.00018,0
kutilang_22,1,5,3,0.565217,0.666667,0,4,0.000202,0.000913
afandi_tanjung,0,4,1,1,1,0,3,0.00018,0
ab_tw09,0,3,1,1,1,0,8,0.00018,0
agamkupie,1,2,1,1,1,0,0,0.000232,0.000913
tasmodelterbaru,0,3,1,1,1,0,0,0.00018,0
sipayung_amran,0,5,1,1,1,0,3,0.00018,0
azhar_k18,1,0,0,0,0,0,3,0.000211,0.000913
tohidtri,1,0,0,0,0,0,3,0.000211,0.000913
ki17_08,0,2,1,1,1,0,8,0.00018,0
kadiran_temen,0,2,1,1,1,0,0,0.00018,0
sinegera,0,1,1,1,1,0,0,0.00018,0
abimany60967856,1,2,1,1,1,0,0,0.000232,0.000913
hrmalik12,0,3,1,1,1,0,0,0.00018,0
pank5b,0,1,1,1,1,0,0,0.00018,0
ghulam_akfani,0,3,1,1,1,0,8,0.00018,0
annatjes,0,3,1,1,1,0,8,0.00018,0
kangen691,0,5,1,1,1,0,3,0.00018,0
ak_ko567,0,4,1,1,1,0,8,0.00018,0
fitriya12573941,0,1,1,1,1,0,0,0.00018,0
cantiscan,0,1,3,0.481481,0.512821,0,4,0.00018,0
dasurm,0,2,1,1,1,0,0,0.00018,0
tuti_embeeeeer,1,3,1,1,1,0,0,0.000253,0.001008
wongcerbon9661,1,3,1,1,1,0,0,0.000253,0.001008
gagal_pintar,0,2,1,1,1,0,0,0.00018,0
djajulid,0,5,3,0.565217,0.666667,0,4,0.00018,0
darkal15,0,1,3,0.481481,0.512821,0,4,0.00018,0
itsmee57198628,0,2,1,1,1,0,8,0.00018,0
romijuliwanda,0,1,1,1,1,0,0,0.00018,0
coretan_gorong2,0,2,1,1,1,0,0,0.00018,0
sukabumiazam,0,1,1,1,1,0,3,0.00018,0
hendrih96909414,0,1,3,0.481481,0.512821,0,4,0.00018,0
fanyyjihan,0,3,1,1,1,0,8,0.00018,0
myoniyunlverse,0,1,1,1,1,0,0,0.00018,0
asr_yudy,0,3,1,1,1,0,8,0.00018,0
den_sabdatama,0,2,1,1,1,0,0,0.00018,0
superradioid,1,1,0,0,0,0,41,0.00018,0.001008
fahmyfthrrhmn,2,7,1,1,1,0,42,0.000239,0.002223
juanriziartvizu,3,0,0,0,0,0,42,0.000268,0.003335
muhamadsidik01,2,7,1,1,1,0,42,0.000239,0.002223
rizkiibnusyina_,2,7,1,1,1,0,42,0.000239,0.002223
superz____,3,0,0,0,0,0,42,0.000268,0.003335
musikmenfess,3,0,0,0,0,0,42,0.000268,0.003335
listiaaa20,3,0,0,0,0,0,42,0.000268,0.003335
abu_hafiiz,0,3,1,1,1,0,3,0.00018,0
ibr_logun,0,1,1,1,1,0,0,0.00018,0
ghryshmarhaen,1,4,1,1,1,3,0,0.000258,0.000913
bamb,1,0,0,0,0,0,0,0.000235,0.001003
hokage_c1r3n6,0,1,1,1,1,0,0,0.00018,0
muhamad93044828,0,3,1,1,1,0,8,0.00018,0
aizz37,0,2,1,1,1,0,0,0.00018,0
kemurahantuhan,0,2,1,1,1,0,0,0.00018,0
aleykala,0,2,1,1,1,0,8,0.00018,0
ajibun17,0,3,1,1,1,0,8,0.00018,0
zahkhan25_70127,0,1,1,1,1,0,47,0.00018,0
anakranto64,0,1,1,1,1,0,0,0.00018,0
g1rsang,0,3,1,1,1,0,0,0.00018,0
fatam0r_gh4n4,4,0,0,0,0,0,0,0.000416,0.004055
mahasiswaumm,0,1,1,1,1,0,0,0.00018,0
ibnusetyopamung,0,2,1,1,1,0,1,0.00018,0
tigo76593796,0,3,1,1,1,0,3,0.00018,0
syamsulhudaya75,0,1,3,0.481481,0.512821,0,4,0.00018,0
anthony224365,0,3,1,1,1,0,8,0.00018,0
rfn_rendy,0,3,1,1,1,0,8,0.00018,0
pak_jk,1,0,0,0,0,0,3,0.000205,0.001093
pksejahtera,1,0,0,0,0,0,3,0.000205,0.001093
gestii8,0,2,1,1,1,0,8,0.00018,0
nurlatifah_m,0,3,1,1,1,0,8,0.00018,0
dhimaass_,0,3,1,1,1,0,8,0.00018,0
hugs_sply,0,3,1,1,1,0,8,0.00018,0
rzkha_fgusnedy,0,2,1,1,1,0,8,0.00018,0
suryaps20,0,2,1,1,1,0,0,0.00018,0
stratocasteraja,0,2,1,1,1,0,3,0.00018,0
chirping_magpie,0,4,2,0.625,0.7,0,3,0.00018,0
indonesiafaried,0,5,3,0.565217,0.666667,0,4,0.00018,0
pioncellular,0,2,1,1,1,0,3,0.00018,0
bayuaviyanto,0,2,1,1,1,0,0,0.00018,0
erlinghaaland,1,0,0,0,0,0,0,0.000258,0.000913
jostarlexa95,0,1,1,1,1,0,0,0.00018,0
den_masse,0,2,1,1,1,0,0,0.00018,0
fuckdow39234095,2,1,1,1,1,0,0,0.000296,0.001827
apissm14,0,2,1,1,1,0,8,0.00018,0
reflinpasaman,0,3,1,1,1,0,2,0.00018,0
adardiir,0,2,1,1,1,0,8,0.00018,0
diasayuk2,0,2,1,1,1,0,0,0.00018,0
banpolpecatan5,0,2,2,0.625,0.7,0,0,0.00018,0
caniago11567172,0,2,1,1,1,0,0,0.00018,0
meylinee98,0,3,1,1,1,0,8,0.00018,0
anuarrandi,0,3,1,1,1,0,8,0.00018,0
amdevdes,0,4,1,1,1,0,1,0.00018,0
mas_triyantosrg,0,2,1,1,1,0,0,0.00018,0
mmasudihsan,0,2,1,1,1,0,0,0.00018,0
oktvnad,1,0,0,0,0,0,0,0.000258,0.000913
mimin88866784,0,1,1,1,1,0,0,0.00018,0
mar33cj,0,1,1,1,1,0,3,0.00018,0
jack01599845,0,1,1,1,1,0,3,0.00018,0
naadiiiy,0,4,1,1,1,0,8,0.00018,0
tafonao2,0,3,1,1,1,0,3,0.00018,0
husodo165,0,1,3,0.481481,0.512821,0,4,0.00018,0
ysrdjaya,0,1,1,1,1,0,0,0.00018,0
ecky_1704,0,4,1,1,1,0,0,0.00018,0
rbesar___,0,1,1,1,1,0,0,0.00018,0
muria_nisa,0,3,1,1,1,0,8,0.00018,0
woyamirrrrrrrr,0,1,1,1,1,0,0,0.00018,0
desriantof,0,2,1,1,1,0,0,0.00018,0
dodorafara,0,3,1,1,1,0,3,0.00018,0
sitiazi78994521,0,2,1,1,1,0,1,0.00018,0
marojahanpanja4,0,3,1,1,1,0,3,0.00018,0
ngkongroses,2,0,0,0,0,0,3,0.00027,0.001827
trahutomo,2,0,0,0,0,0,3,0.00027,0.001827
winter_barbeque,0,3,1,1,1,0,8,0.00018,0
dahlahgatw,0,3,1,1,1,0,8,0.00018,0
gnwnmulyadi,0,5,2,0.777778,0.857143,0,4,0.00018,0
mahmudmdmahmud,3,0,0,0,0,0,4,0.000275,0.00301
h4t14k4ln4l42,3,6,1,1,1,6,4,0.000268,0.00274
daffadalief,0,3,1,1,1,0,8,0.00018,0
abkurniawan_,0,6,1,1,1,0,3,0.00018,0
naufalbubur,0,2,1,1,1,0,16,0.00018,0
sirqieee,0,2,1,1,1,0,0,0.00018,0
oposisicerdas,1,0,0,0,0,0,0,0.000258,0.000913
nahdianii,0,3,1,1,1,0,8,0.00018,0
sabronaiditnusa,0,2,1,1,1,0,0,0.00018,0
dimasxnnx,0,1,1,1,1,0,0,0.00018,0
tledenk,0,2,1,1,1,0,0,0.00018,0
shofiyu97882697,0,1,1,1,1,0,0,0.00018,0
39fikry,0,2,1,1,1,0,8,0.00018,0
duckbusterr,0,2,1,1,1,0,0,0.00018,0
putrawadapi2,3,1,1,1,1,0,0,0.000412,0.00274
basmardiana,0,2,1,1,1,0,2,0.00018,0
mubasyirahmad37,0,3,1,1,1,0,8,0.00018,0
pandusatria_32,0,2,1,1,1,0,0,0.00018,0
nurkhalif21,0,6,2,0.875,0.928571,0,4,0.00018,0
argadhahana,0,1,1,1,1,0,0,0.00018,0
maulanafajrim1,0,2,1,1,1,0,8,0.00018,0
riesams,0,3,1,1,1,0,8,0.00018,0
mohandasag_,1,3,1,1,1,0,0,0.000253,0.001008
dndyapr,1,3,1,1,1,0,0,0.000253,0.001008
4ournumber,3,1,1,1,1,0,0,0.000402,0.002929
fahri01035668,0,2,1,1,1,0,0,0.00018,0
dimencijeruk,0,8,1,1,1,0,43,0.00018,0
komnas_anak,1,0,0,0,0,0,43,0.0002,0.000913
kingsalman,5,0,0,0,0,0,43,0.000231,0.004926
un,6,0,0,0,0,0,43,0.000242,0.00584
imelani12z,0,4,1,1,1,0,8,0.00018,0
lestari_cheryl,0,2,1,1,1,0,8,0.00018,0
putrasiregar46,0,3,1,1,1,0,8,0.00018,0
dektampu,0,1,1,1,1,0,0,0.00018,0
lampungsuharni,0,1,1,1,1,0,0,0.00018,0
heru_pu2111,0,2,1,1,1,0,1,0.00018,0
rambo_go_bock,0,1,1,1,1,0,0,0.00018,0
lho_koq,0,4,1,1,1,0,3,0.00018,0
f412fi,0,1,1,1,1,0,0,0.00018,0
koki32306121,0,2,1,1,1,0,18,0.00018,0
timorasinaga,0,3,1,1,1,0,3,0.00018,0
ary12_10,0,1,1,1,1,0,0,0.00018,0
bangdoelaje,0,2,1,1,1,0,0,0.00018,0
oliygfgh,0,3,1,1,1,0,8,0.00018,0
humaira_indah3,0,3,1,1,1,0,8,0.00018,0
saleema06444910,0,2,1,1,1,0,8,0.00018,0
jamilahchr_,0,3,1,1,1,0,8,0.00018,0
didienazhar,1,1,1,1,1,0,0,0.000258,0.000913
skandalmedia,0,2,1,1,1,0,0,0.00018,0
alieeffputra,0,2,1,1,1,0,0,0.00018,0
astomedia,0,3,1,1,1,0,3,0.00018,0
qonoleh,0,2,1,1,1,0,8,0.00018,0
d3_snh,0,1,1,1,1,0,0,0.00018,0
solikinspp,0,2,1,1,1,0,0,0.00018,0
kenz_kyouko,0,1,1,1,1,0,0,0.00018,0
harvey_hbm,0,1,1,1,1,0,0,0.00018,0
alecia48356814,0,2,1,1,1,0,8,0.00018,0
bellazahra00777,0,3,1,1,1,0,8,0.00018,0
adnaanahmad31,0,3,1,1,1,0,8,0.00018,0
jpnncom,2,2,1,1,1,0,0,0.000291,0.00211
fadlipenyair,1,2,1,1,1,1,0,0.000258,0.000913
suka_konten,0,3,1,1,1,0,3,0.00018,0
fian25391,0,3,1,1,1,0,8,0.00018,0
rahmatn1991,0,2,1,1,1,0,8,0.00018,0
imloveddearly,0,2,1,1,1,0,0,0.00018,0
faried58022486,0,1,1,1,1,0,0,0.00018,0
vctrocck,0,2,1,1,1,0,0,0.00018,0
alripki2,0,2,1,1,1,0,8,0.00018,0
rezaaldava,0,3,1,1,1,0,8,0.00018,0
gussururi,0,5,1,1,1,0,12,0.00018,0
macukers,1,0,0,0,0,0,12,0.000211,0.000913
nurilhuda501,0,4,1,1,1,0,3,0.00018,0
bungkustukang,3,3,1,1,1,0,3,0.000288,0.00274
aesopmrtdh,0,3,1,1,1,0,8,0.00018,0
aliyah78172324,0,2,1,1,1,0,8,0.00018,0
suwito_abdullah,0,1,1,1,1,0,0,0.00018,0
maryadi81483539,0,1,1,1,1,0,0,0.00018,0
rk_sumenep,2,1,0,0,0,0,3,0.000354,0.00211
leonard68781378,0,3,1,1,1,0,8,0.00018,0
melaniajuita,2,2,2,0.75,0.833333,0,0,0.00055,0.002502
inengahjunata,1,3,1,1,1,0,0,0.000426,0.001472
dw_miah,0,3,1,1,1,0,8,0.00018,0
agussumanas,0,3,1,1,1,0,3,0.00018,0
canjhi1,0,2,1,1,1,0,8,0.00018,0
munif_h,0,3,1,1,1,0,8,0.00018,0
hero_theone,0,3,1,1,1,0,0,0.00018,0
bestariameliaa,0,2,1,1,1,0,8,0.00018,0
praburosso,1,1,1,1,1,0,0,0.000258,0.000913
azizbuitenzorg,0,2,1,1,1,0,0,0.00018,0
sapaindo,0,2,1,1,1,0,0,0.00018,0
uccang_sajalah,0,2,1,1,1,0,3,0.00018,0
alfiannoro,0,1,1,1,1,0,0,0.00018,0
rickyadipura99,0,1,1,1,1,0,0,0.00018,0
pujasharmaon,0,2,1,1,1,0,0,0.00018,0
asyaabm_,0,2,1,1,1,0,8,0.00018,0
nadirasavana_,0,2,1,1,1,0,8,0.00018,0
lspiatki3,0,1,1,1,1,0,0,0.00018,0
septa_randika,0,1,1,1,1,0,0,0.00018,0
flutfhy,0,3,1,1,1,0,8,0.00018,0
jieunpad,1,2,1,1,1,0,0,0.000317,0.001008
vibeine,1,2,1,1,1,0,0,0.000317,0.001008
zpembayun,0,1,3,0.481481,0.512821,0,4,0.00018,0
hendrikorachman,1,12,1,1,1,0,4,0.00018,0.001008
officialmkri,1,0,0,0,0,0,4,0.000193,0.001008
aryasinulingga,1,0,0,0,0,0,4,0.000193,0.001008
mugialancar168,1,4,1,1,1,1,1,0.000202,0.000913
kemhan_ri,1,0,0,0,0,0,4,0.000193,0.001008
kementerianesdm,4,0,0,0,0,0,43,0.000232,0.004484
abizar_darrel,0,1,3,0.481481,0.512821,0,4,0.00018,0
pablo_espora12,0,2,1,1,1,0,8,0.00018,0
hermanjansen99,0,3,1,1,1,0,3,0.00018,0
miuwwmiuww,0,3,1,1,1,0,8,0.00018,0
takeawayplease,0,5,3,0.565217,0.666667,0,4,0.00018,0
messi_ozil7,0,4,1,1,1,0,4,0.00018,0
odesiga1,1,0,0,0,0,0,4,0.000219,0.000913
frenssiahaan30,1,0,0,0,0,0,4,0.000219,0.000913
rizal_s8,0,3,1,1,1,0,8,0.00018,0
sriayutania,0,3,1,1,1,0,8,0.00018,0
joker17450,0,1,3,0.481481,0.512821,0,4,0.00018,0
nawantityastuti,0,3,1,1,1,0,3,0.00018,0
axdway,0,3,1,1,1,0,8,0.00018,0
cintianacinta,0,3,1,1,1,0,8,0.00018,0
asepberlian8,0,2,1,1,1,0,0,0.00018,0
keadilano,0,1,1,1,1,0,0,0.00018,0
pardo_aganis,1,2,1,1,1,0,0,0.000219,0.000913
tigadewamania,0,4,1,1,1,0,0,0.00018,0
perempuansahab1,1,1,0,0,0,0,44,0.00018,0.001008
eranolok,1,1,0,0,0,0,45,0.00018,0.001008
riaraislamiati,0,3,1,1,1,0,8,0.00018,0
aruna_gantari11,0,3,1,1,1,0,8,0.00018,0
29nasrul,1,2,1,1,1,0,1,0.000232,0.000913
familyar2,0,3,1,1,1,0,1,0.00018,0
tahaleatania,0,2,1,1,1,0,0,0.00018,0
mawar1703,0,2,1,1,1,0,3,0.00018,0
4nw4r__84,0,1,3,0.481481,0.512821,0,4,0.00018,0
butonesia,0,1,1,1,1,0,0,0.00018,0
ibrahimahmad82,0,2,1,1,1,0,0,0.00018,0
kompastv,2,0,0,0,0,0,0,0.000335,0.001827
fikrifh_,0,2,1,1,1,0,0,0.00018,0
meyrudy7205,0,4,1,1,1,0,3,0.00018,0
p1_eka,1,0,0,0,0,0,3,0.000219,0.000913
haedarali57,0,2,1,1,1,0,0,0.00018,0
anna27715669,0,1,1,1,1,0,0,0.00018,0
diskaaindahhh,0,1,2,0.666667,0.75,0,8,0.00018,0
kepin_romadlon,0,3,1,1,1,0,8,0.00018,0
salmana40260025,0,3,1,1,1,0,3,0.00018,0
sugacane99,0,1,1,1,1,0,0,0.00018,0
sarwono1ir,0,18,2,0.666667,0.75,0,43,0.00018,0
puanm,4,0,0,0,0,0,43,0.000211,0.004013
kamalaharris,5,0,0,0,0,0,43,0.000222,0.004926
barbarapalvin,4,0,0,0,0,0,43,0.000211,0.004013
kendalljenner,4,0,0,0,0,0,43,0.000211,0.004013
lilyaldridge,4,0,0,0,0,0,43,0.000211,0.004013
potus,4,0,0,0,0,0,43,0.000211,0.004013
jpn_pmo,4,0,0,0,0,0,43,0.000211,0.004013
antonioguterres,4,0,0,0,0,0,43,0.000211,0.004013
hitachiglobal,4,0,0,0,0,0,43,0.000211,0.004013
irsarwono_ass,4,35,1,1,1,65,43,0.000217,0.003654
puanmahar,4,0,0,0,0,0,43,0.000211,0.004013
vp,4,0,0,0,0,0,43,0.000211,0.004013
canadianpm,4,0,0,0,0,0,43,0.000211,0.004013
kingabdullahii,4,0,0,0,0,0,43,0.000211,0.004013
sarwonoir2,4,8,1,1,1,12,43,0.000211,0.004013
lilispretty25,0,3,1,1,1,0,8,0.00018,0
bangpeng69,0,2,1,1,1,0,0,0.00018,0
dhikaprtm_,0,3,1,1,1,0,8,0.00018,0
salwasalsa_bil,0,3,1,1,1,0,8,0.00018,0
thoughts_1_,0,1,1,1,1,0,0,0.00018,0
iyaaaaaaa001,0,1,1,1,1,0,0,0.00018,0
semar17134178,0,2,1,1,1,0,0,0.00018,0
budisatri2,1,2,1,1,1,1,1,0.000232,0.000913
saripud71039458,0,3,2,0.8,0.875,0,1,0.00018,0
suhariyadi__,1,0,0,0,0,0,1,0.000232,0.000913
rizki44874585,0,1,1,1,1,0,0,0.00018,0
nanakrisdian,1,4,1,1,1,0,3,0.000211,0.000913
irvanbadru,3,3,1,1,1,0,3,0.000279,0.00283
trijuniarto87,0,5,1,1,1,0,3,0.00018,0
anak_sarjana,1,1,1,1,1,0,0,0.000258,0.000913
herlanangsep,0,2,1,1,1,0,0,0.00018,0
im_wiiyy,0,1,1,1,1,0,0,0.00018,0
mzulfan40495450,0,2,1,1,1,0,0,0.00018,0
bernad_berta,0,3,1,1,1,0,8,0.00018,0
diahyuniarti8,0,3,1,1,1,0,8,0.00018,0
syarifahmaulia8,0,3,1,1,1,0,8,0.00018,0
irsarwono2,0,18,2,0.666667,0.75,0,43,0.00018,0
_faldi_,0,6,2,0.8,0.875,0,0,0.00018,0
daruastika1,6,0,0,0,0,0,0,0.000349,0.00593
_indonesiamaju_,0,1,1,1,1,0,0,0.00018,0
isarwono3,0,18,2,0.666667,0.75,0,43,0.00018,0
abi_raykhanzaya,0,3,1,1,1,0,3,0.00018,0
lelakikampungan,0,1,1,1,1,0,0,0.00018,0
waxfactory2,0,3,1,1,1,0,8,0.00018,0
virllyhavid,0,1,3,0.481481,0.512821,0,4,0.00018,0
andddddreeee,0,3,1,1,1,0,8,0.00018,0
bogedavodca,0,5,3,0.565217,0.666667,0,4,0.00018,0
mohammadhamdi12,0,3,2,0.8,0.875,0,0,0.00018,0
lettachantik,1,1,1,1,1,0,0,0.000232,0.000913
heinkle2,0,3,1,1,1,0,0,0.00018,0
mohhamidd,1,2,1,1,1,0,0,0.000235,0.001211
fadlyhendra11,3,5,2,0.777778,0.857143,4,0,0.00032,0.00334
cakracuy48,0,5,3,0.565217,0.666667,0,4,0.00018,0
sarino66118459,0,3,1,1,1,0,3,0.00018,0
mamangdjalu,0,2,1,1,1,0,0,0.00018,0
arman12740680,0,1,1,1,1,0,0,0.00018,0
alpanyo_07,0,2,1,1,1,0,0,0.00018,0
yaniarsim,1,0,0,0,0,0,0,0.000258,0.000913
hiyatttt,0,1,3,0.481481,0.512821,0,4,0.00018,0
iam_mude,0,2,1,1,1,0,0,0.00018,0
restareatamsol,0,2,1,1,1,0,0,0.00018,0
febriyanto115,0,1,3,0.481481,0.512821,0,4,0.00018,0
em_an92,0,1,1,1,1,0,0,0.00018,0
leriadi,0,8,1,1,1,0,47,0.00018,0
dppgolkar,1,0,0,0,0,0,47,0.0002,0.000913
zainuddinamali,1,0,0,0,0,0,47,0.0002,0.000913
yuddychrisnandi,1,0,0,0,0,0,47,0.0002,0.000913
richrshasibuan,0,1,3,0.481481,0.512821,0,4,0.00018,0
eses12_,0,2,1,1,1,0,0,0.00018,0
gusbs,0,2,1,1,1,0,3,0.00018,0
zjecko,0,1,1,1,1,0,0,0.00018,0
langitbirubth,0,5,2,0.727273,0.8125,0,4,0.00018,0
srimulyani,1,0,0,0,0,0,4,0.000211,0.000913
mallsofya,0,3,1,1,1,0,8,0.00018,0
muheho,0,3,1,1,1,0,3,0.00018,0
moteetee,0,8,1,1,1,0,13,0.00018,0
evndari,1,0,0,0,0,0,13,0.0002,0.000913
adiannapitupul1,1,0,0,0,0,0,13,0.0002,0.000913
roedhaytoo,1,2,1,1,1,0,13,0.0002,0.000913
theuncledee,0,2,1,1,1,0,0,0.00018,0
adenursaadah,0,2,1,1,1,0,0,0.00018,0
royco19525884,0,2,1,1,1,0,0,0.00018,0
pray_chan,0,2,1,1,1,0,16,0.00018,0
rositapratiwi9,0,1,1,1,1,0,0,0.00018,0
witokotoko,0,1,3,0.481481,0.512821,0,4,0.00018,0
han44995013han,0,2,1,1,1,0,0,0.00018,0
aisyunbent,0,2,1,1,1,0,0,0.00018,0
_kristiono,0,3,1,1,1,0,0,0.00018,0
narifahmadi,0,1,3,0.481481,0.512821,0,4,0.00018,0
andy93408783,0,2,2,0.75,0.833333,0,0,0.00018,0
iwankur76759461,1,2,1,1,1,1,0,0.000258,0.000913
tatangd61323425,0,2,2,0.75,0.833333,0,0,0.00018,0
rudisetiadi72,0,2,1,1,1,0,0,0.00018,0
rurisonatha,0,6,2,0.8,0.875,0,0,0.00018,0
senowerkudoro4,0,2,1,1,1,0,0,0.00018,0
gpjateng,1,0,0,0,0,0,0,0.000258,0.000913
jembatanmerah11,0,7,1,1,1,0,0,0.00018,0
louis_chantika,1,0,0,0,0,0,0,0.000202,0.000913
yosnggarang,1,0,0,0,0,0,0,0.000202,0.000913
alasadybrt,0,2,1,1,1,0,0,0.00018,0
topimiring72,0,2,1,1,1,0,0,0.00018,0
nur_aniyah,0,2,1,1,1,0,0,0.00018,0
lukman_kikin,0,2,1,1,1,0,0,0.00018,0
cengeng_cowboy,0,2,1,1,1,0,0,0.00018,0
bansma7,0,1,1,1,1,0,0,0.00018,0
beugjake,0,2,1,1,1,0,0,0.00018,0
johanpranata74,0,5,3,0.565217,0.666667,0,4,0.00018,0
schumalich,0,6,2,0.8,0.875,0,0,0.00018,0
theodoresyosua1,0,7,2,0.888889,0.9375,0,1,0.00018,0
luksutanto,1,0,0,0,0,0,1,0.000202,0.000913
sukiat68,1,2,1,1,1,0,1,0.000202,0.000913
raflis11194270,1,2,1,1,1,0,1,0.000202,0.000913
daelirham7,0,1,3,0.481481,0.512821,0,4,0.00018,0
ayang_hyang,1,2,1,1,1,0,0,0.000317,0.001008
oshiiiiiinnn_50,1,2,1,1,1,0,0,0.000317,0.001008
srihary09020348,0,1,1,1,1,0,0,0.00018,0
bganapatih27,0,2,1,1,1,0,0,0.00018,0
miyomi19,0,6,2,0.65,0.730769,0,4,0.00018,0
romi_mr,0,4,1,1,1,0,0,0.00018,0
agusjabo333,1,0,0,0,0,0,0,0.000219,0.000913
fefeniaku,1,0,0,0,0,0,0,0.000219,0.000913
agamhamidi,0,1,3,0.481481,0.512821,0,4,0.00018,0
amir_alv,0,1,1,1,1,0,0,0.00018,0
lamon_gray,0,1,1,1,1,0,0,0.00018,0
jurnalistpemula,0,5,3,0.565217,0.666667,0,4,0.00018,0
fayruzfayqa,0,3,1,1,1,0,0,0.00018,0
swdevbali,0,2,1,1,1,0,0,0.00018,0
sigit21_,0,3,1,1,1,0,23,0.00018,0
borjambah,1,0,0,0,0,0,23,0.000232,0.000913
afidl_,0,2,1,1,1,0,0,0.00018,0
riyang98,0,2,1,1,1,0,0,0.00018,0
anwar780915,0,1,1,1,1,0,0,0.00018,0
miahmuktar1,0,3,1,1,1,0,8,0.00018,0
rizal98424059,0,6,2,0.8,0.875,0,0,0.00018,0
dwikikrisna,0,2,1,1,1,0,16,0.00018,0
ifanrinaldi8,0,2,1,1,1,0,0,0.00018,0
lspiatki4,0,1,1,1,1,0,0,0.00018,0
mahkota_duri,1,1,0,0,0,0,46,0.00018,0.001008
dhalank11,4,4,3,0.636364,0.761905,4,0,0.000376,0.004551
slametsetiyon11,0,3,1,1,1,0,0,0.00018,0
dicky_aq,0,2,1,1,1,0,0,0.00018,0
bangivans,0,1,1,1,1,0,0,0.00018,0
ediso9876,0,2,1,1,1,0,0,0.00018,0
nabila_hads,0,1,1,1,1,0,0,0.00018,0
junaidi_afif,0,8,1,1,1,0,12,0.00018,0
emak_ndu,0,2,1,1,1,0,0,0.00018,0
istmeuhtred,0,3,1,1,1,0,8,0.00018,0
rudycahyo66,0,1,1,1,1,0,0,0.00018,0
enno_setyono,1,1,1,1,1,0,0,0.000258,0.000913
konoha_negri,0,2,1,1,1,0,0,0.00018,0
fajar_jak_raya,0,2,1,1,1,0,0,0.00018,0
mas_lambemu,0,1,1,1,1,0,0,0.00018,0
planga_plongo2,0,2,1,1,1,0,0,0.00018,0
ridpratama,0,2,1,1,1,0,0,0.00018,0
harya117,0,2,1,1,1,0,3,0.00018,0
rajapeanutbuter,0,2,1,1,1,0,0,0.00018,0
airdangelombang,0,5,1,1,1,0,16,0.00018,0
6undul0h,1,0,0,0,0,0,16,0.000211,0.000913
ranti93018422,1,0,0,0,0,0,16,0.000211,0.000913
rubbersouli,0,7,2,0.818182,0.888889,0,0,0.00018,0
theendjum,0,1,3,0.481481,0.512821,0,4,0.00018,0
chebonxinsyaf,0,4,1,1,1,0,3,0.00018,0
vivacoid,1,0,0,0,0,0,3,0.000219,0.000913
oye72704248,0,2,1,1,1,0,0,0.00018,0
b_jorn_ironside,0,1,1,1,1,0,0,0.00018,0
aevitri1,0,2,1,1,1,0,0,0.00018,0
frizaliyah,0,4,1,1,1,0,47,0.00018,0
mahfudbechri,1,0,0,0,0,0,47,0.000219,0.000913
kinyur,1,0,0,0,0,0,47,0.000219,0.000913
zulkiflihasan_,2,0,0,0,0,0,47,0.000245,0.001827
giyanmocko,2,0,0,0,0,0,47,0.000245,0.001827
gathanalcantara,0,2,1,1,1,0,0,0.00018,0
mahardikaabet,0,6,2,0.8,0.875,0,0,0.00018,0
alentasyalom,4,5,2,0.777778,0.857143,4,0,0.000389,0.004551
agoeci,2,5,2,0.777778,0.857143,0,0,0.000273,0.002228
sukarja,0,3,1,1,1,0,3,0.00018,0
odjat70,0,2,1,1,1,0,0,0.00018,0
iskanda_99,0,2,1,1,1,0,0,0.00018,0
sahleosin,1,3,1,1,1,0,0,0.000253,0.001008
marsell_wawo,1,3,1,1,1,0,0,0.000253,0.001008
abdurrahmansrb,0,2,1,1,1,0,1,0.00018,0
brandaltimeline,0,3,1,1,1,0,3,0.00018,0
muazak3,0,4,1,1,1,0,3,0.00018,0
sudrajatasep17,0,2,1,1,1,0,0,0.00018,0
nkri_jokowisyoo,1,0,0,0,0,0,0,0.000258,0.000913
regar_0p0sisi,0,2,1,1,1,0,0,0.00018,0
sisasisacinta,0,1,1,1,1,0,3,0.00018,0
firman03092395d,0,5,1,1,1,0,3,0.00018,0
hadiparmono21,0,1,3,0.481481,0.512821,0,4,0.00018,0
kurbancinta,0,6,1,1,1,0,47,0.00018,0
haedarns,1,0,0,0,0,0,47,0.000206,0.000913
maduhutanwaykan,1,0,0,0,0,0,47,0.000206,0.000913
putragnkidul1,0,4,1,1,1,0,3,0.00018,0
pitonosaja,1,2,1,1,1,0,0,0.000232,0.000913
fajima_86,0,3,1,1,1,0,0,0.00018,0
saptopriyatno3,0,1,1,1,1,0,0,0.00018,0
ruddyymilano,0,2,1,1,1,0,0,0.00018,0
syarifanrahmad,0,2,1,1,1,0,1,0.00018,0
rmbantencom,1,1,0,0,0,0,48,0.00018,0.001008
doniterpedo,0,3,1,1,1,0,3,0.00018,0
diswayofficial,0,2,1,1,1,0,0,0.00018,0
msoekarnoputri,1,0,0,0,0,0,0,0.000258,0.000913
agoessoetjipto,0,2,1,1,1,0,0,0.00018,0
senikahirupan,0,4,1,1,1,0,3,0.00018,0
turisno24846445,1,0,0,0,0,0,3,0.000219,0.000913
irsarwono4,0,14,2,0.616667,0.689189,0,43,0.00018,0
undpindonesia,1,0,0,0,0,0,43,0.000191,0.000913
harvard,2,0,0,0,0,0,43,0.000197,0.002186
unep,2,0,0,0,0,0,43,0.000197,0.002186
undp,2,0,0,0,0,0,43,0.000197,0.002186
stanford,2,0,0,0,0,0,43,0.000197,0.002186
mit,2,0,0,0,0,0,43,0.000197,0.002186
yale,2,0,0,0,0,0,43,0.000197,0.002186
twitter,2,0,0,0,0,0,43,0.000197,0.002186
bappenasri,3,0,0,0,0,0,43,0.000219,0.003476
amazon,2,0,0,0,0,0,43,0.000197,0.002186
ridngemil,0,1,1,1,1,0,3,0.00018,0
zoelham2,0,2,1,1,1,0,0,0.00018,0
puanjawatimur,1,1,0,0,0,0,49,0.00018,0.001008
hellikitiy,0,1,1,1,1,0,0,0.00018,0
dsimbol1,1,2,1,1,1,0,0,0.000265,0.001107
_hompimpha,2,3,1,1,1,0,0,0.000294,0.002119
theo12_ini,0,1,1,1,1,0,0,0.00018,0
dr_anggapk,0,2,1,1,1,0,3,0.00018,0
camillaysm,0,1,1,1,1,0,0,0.00018,0
sulaima88004037,0,2,1,1,1,0,0,0.00018,0
osoekaryo,0,3,1,1,1,0,3,0.00018,0
dadungkawuk41,0,2,1,1,1,0,0,0.00018,0
denbey04,0,2,1,1,1,0,0,0.00018,0
nhardiansyah91,0,1,1,1,1,0,0,0.00018,0
lemakjenuhhh,0,2,1,1,1,0,0,0.00018,0
fatyakresnawan,1,0,0,0,0,0,0,0.000258,0.000913
adisuratman14,0,2,1,1,1,0,0,0.00018,0
edone_rez,0,1,1,1,1,0,0,0.00018,0
atisumarno,0,1,1,1,1,0,0,0.00018,0
fajarhut99,0,2,1,1,1,0,0,0.00018,0
babayag03103666,0,1,1,1,1,0,0,0.00018,0
tentang_puan,1,2,1,1,1,0,0,0.00018,0.001008
gigihadid,1,0,0,0,0,0,43,0.000185,0.001273
irsarwono5,1,0,0,0,0,0,43,0.000185,0.001273
bksapdpr,2,0,0,0,0,0,43,0.000208,0.002563
kemendagri,2,0,0,0,0,0,43,0.000208,0.002563
pln_123,2,0,0,0,0,0,43,0.000208,0.002563
kemenkesri,2,0,0,0,0,0,43,0.000208,0.002563
who,2,0,0,0,0,0,43,0.000208,0.002563
bam_abang,1,4,3,0.588235,0.683333,0,0,0.000216,0.001419
relawanpuanid,2,1,0,0,0,0,0,0.000216,0.002546
